order_id,store_id,store_name,member_id,member_name,order_datetime,total_amount,discount_amount,pay_amount,payment_method,promotion_id,promotion_name,remarks
O001000,S009,南京新街口店,M00031,赵六31,2024-06-09 12:53:00,467.39,0.0,467.39,现金,,,
O001001,S009,南京新街口店,M00011,郑十一11,2024-03-11 18:29:00,582.29,0.0,582.29,微信支付,,,
O001002,S002,上海南京路店,M00059,李四59,2024-05-25 19:37:00,260.46,38.0,222.46,微信支付,P0010,节日促销10,
O001003,S006,成都春熙店,M00200,陈二十六200,2024-03-14 18:56:00,478.97,0.0,478.97,银行卡,,,
O001004,S004,深圳南山店,M00167,张三167,2024-01-10 12:17:00,762.17,0.0,762.17,微信支付,P0014,新店开业优惠14,
O001005,S006,成都春熙店,M00198,马二十一198,2024-05-01 14:57:00,264.36,0.0,264.36,微信支付,,,
O001006,S006,成都春熙店,M00157,杨十五157,2024-02-04 14:47:00,432.31,38.0,394.31,微信支付,P0010,节日促销10,
O001007,S003,广州天河店,M00027,郑十一27,2024-04-23 13:58:00,240.8,0.0,240.8,会员余额,P0007,周末特惠7,
O001008,S002,上海南京路店,M00107,周九107,2024-05-09 16:08:00,262.18,0.0,262.18,微信支付,,,
O001009,S004,深圳南山店,M00175,王五175,2024-04-26 10:58:00,435.48,0.0,435.48,会员余额,,,
O001010,S004,深圳南山店,M00131,陈十三131,2024-01-08 13:23:00,479.36,0.0,479.36,支付宝,,,
O001011,S003,广州天河店,,,2024-06-25 11:18:00,427.58,0.0,427.58,支付宝,,,
O001012,S007,武汉江汉店,M00047,周九47,2024-03-09 20:26:00,609.26,0.0,609.26,微信支付,P0014,新店开业优惠14,
O001013,S004,深圳南山店,M00005,周九5,2024-03-05 19:51:00,453.07,49.84,403.23,现金,P0011,夏日清凉11,
O001014,S006,成都春熙店,M00110,刘十四110,2024-02-25 17:19:00,252.79,0.0,252.79,会员余额,P0014,新店开业优惠14,
O001015,S001,北京王府井店,,,2024-06-14 19:38:00,347.08,38.18,308.9,现金,P0011,夏日清凉11,
O001016,S010,重庆解放碑店,M00094,刘二十五94,2024-03-11 14:41:00,188.41,0.0,188.41,微信支付,P0014,新店开业优惠14,
O001017,S009,南京新街口店,M00110,刘十四110,2024-06-02 16:42:00,146.28,0.0,146.28,支付宝,,,
O001018,S009,南京新街口店,M00021,李二十二21,2024-03-07 16:25:00,907.99,0.0,907.99,会员余额,,,
O001019,S008,西安雁塔店,M00026,陈十三26,2024-06-12 17:58:00,252.96,0.0,252.96,支付宝,,,
O001020,S004,深圳南山店,M00174,杨十五174,2024-01-25 17:08:00,336.8,0.0,336.8,支付宝,P0007,周末特惠7,
O001021,S002,上海南京路店,M00006,孙八6,2024-02-27 21:55:00,334.24,0.0,334.24,现金,P0013,节日促销13,
O001022,S002,上海南京路店,,,2024-04-28 11:30:00,452.26,0.0,452.26,微信支付,P0013,节日促销13,
O001023,S008,西安雁塔店,,,2024-06-23 16:33:00,41.37,0.0,41.37,现金,,,
O001024,S008,西安雁塔店,M00007,王二十四7,2024-04-14 19:57:00,249.96,0.0,249.96,支付宝,,,
O001025,S008,西安雁塔店,M00061,王五61,2024-06-10 12:20:00,233.3,0.0,233.3,支付宝,,,
O001026,S002,上海南京路店,M00094,刘二十五94,2024-01-23 12:39:00,216.54,0.0,216.54,微信支付,,,
O001027,S006,成都春熙店,M00056,陈二十六56,2024-04-05 10:57:00,154.81,0.0,154.81,会员余额,P0007,周末特惠7,
O001028,S006,成都春熙店,M00178,刘十四178,2024-03-04 13:44:00,105.12,0.0,105.12,会员余额,,,
O001029,S009,南京新街口店,,,2024-05-30 14:10:00,311.82,0.0,311.82,会员余额,,,
O001030,S005,杭州西湖店,M00175,王五175,2024-05-14 15:27:00,240.41,0.0,240.41,支付宝,P0013,节日促销13,
O001031,S005,杭州西湖店,M00131,陈十三131,2024-01-05 13:14:00,471.14,0.0,471.14,支付宝,,,
O001032,S009,南京新街口店,M00075,黄十六75,2024-06-12 14:49:00,87.21,0.0,87.21,会员余额,,,
O001033,S007,武汉江汉店,,,2024-01-06 10:44:00,48.54,0.0,48.54,现金,,,
O001034,S002,上海南京路店,,,2024-05-01 21:09:00,89.42,9.84,79.58,银行卡,P0011,夏日清凉11,
O001035,S008,西安雁塔店,M00144,陈二十六144,2024-06-18 11:42:00,498.33,0.0,498.33,支付宝,P0014,新店开业优惠14,
O001036,S009,南京新街口店,,,2024-01-30 11:31:00,189.59,0.0,189.59,银行卡,,,
O001037,S005,杭州西湖店,M00161,李四161,2024-03-16 12:02:00,424.19,0.0,424.19,微信支付,P0013,节日促销13,
O001038,S004,深圳南山店,,,2024-05-26 20:31:00,290.41,0.0,290.41,支付宝,,,
O001039,S010,重庆解放碑店,M00174,杨十五174,2024-04-26 14:16:00,198.06,0.0,198.06,会员余额,,,
O001040,S009,南京新街口店,,,2024-03-21 16:47:00,72.75,0.0,72.75,支付宝,P0013,节日促销13,
O001041,S004,深圳南山店,M00008,孙八8,2024-06-18 20:10:00,348.51,0.0,348.51,支付宝,P0013,节日促销13,
O001042,S001,北京王府井店,M00147,朱十七147,2024-01-30 16:25:00,286.55,0.0,286.55,支付宝,,,
O001043,S003,广州天河店,M00154,张三154,2024-01-29 12:44:00,50.28,0.0,50.28,支付宝,P0010,节日促销10,
O001044,S009,南京新街口店,,,2024-05-25 20:28:00,287.54,0.0,287.54,支付宝,,,
O001045,S005,杭州西湖店,M00197,张二十三197,2024-05-03 17:07:00,58.14,0.0,58.14,微信支付,,,
O001046,S005,杭州西湖店,M00081,高二十81,2024-06-29 20:33:00,586.04,0.0,586.04,会员余额,,,
O001047,S009,南京新街口店,M00012,张二十三12,2024-01-25 16:42:00,623.15,0.0,623.15,微信支付,,,
O001048,S006,成都春熙店,M00070,张三70,2024-06-13 12:32:00,189.82,0.0,189.82,微信支付,P0013,节日促销13,
O001049,S008,西安雁塔店,M00144,陈二十六144,2024-03-25 14:03:00,156.36,0.0,156.36,会员余额,,,
O001050,S001,北京王府井店,M00121,王十二121,2024-04-24 11:54:00,240.33,0.0,240.33,支付宝,,,
O001051,S009,南京新街口店,,,2024-01-10 18:35:00,632.22,0.0,632.22,支付宝,,,
O001052,S002,上海南京路店,M00100,吴十100,2024-06-16 20:29:00,44.71,0.0,44.71,银行卡,,,
O001053,S004,深圳南山店,M00020,陈二十六20,2024-03-25 18:49:00,621.12,0.0,621.12,微信支付,,,
O001054,S006,成都春熙店,M00193,张三193,2024-03-28 15:53:00,438.12,0.0,438.12,支付宝,P0013,节日促销13,
O001055,S005,杭州西湖店,M00106,吴十106,2024-05-06 12:52:00,27.42,0.0,27.42,微信支付,P0007,周末特惠7,
O001056,S004,深圳南山店,M00130,李四130,2024-02-18 11:59:00,205.18,0.0,205.18,支付宝,,,
O001057,S010,重庆解放碑店,M00145,吴十145,2024-01-12 20:53:00,436.27,0.0,436.27,支付宝,,,
O001058,S009,南京新街口店,,,2024-01-02 18:47:00,458.14,0.0,458.14,支付宝,P0014,新店开业优惠14,
O001059,S008,西安雁塔店,M00094,刘二十五94,2024-02-02 11:24:00,244.17,0.0,244.17,会员余额,P0013,节日促销13,
O001060,S002,上海南京路店,M00174,杨十五174,2024-03-04 14:25:00,273.53,0.0,273.53,支付宝,P0007,周末特惠7,
O001061,S010,重庆解放碑店,M00138,孙八138,2024-06-28 18:55:00,427.26,0.0,427.26,会员余额,P0014,新店开业优惠14,
O001062,S010,重庆解放碑店,M00025,张三25,2024-03-29 20:08:00,199.23,38.0,161.23,会员余额,P0010,节日促销10,
O001063,S003,广州天河店,M00106,吴十106,2024-01-30 15:35:00,732.81,0.0,732.81,微信支付,,,
O001064,S008,西安雁塔店,M00089,黄十六89,2024-05-13 11:01:00,48.61,0.0,48.61,微信支付,,,
O001065,S009,南京新街口店,,,2024-03-14 20:16:00,108.82,0.0,108.82,现金,,,
O001066,S010,重庆解放碑店,M00192,张二十三192,2024-04-25 11:39:00,255.03,28.05,226.98,支付宝,P0011,夏日清凉11,
O001067,S006,成都春熙店,M00074,朱十七74,2024-03-01 18:50:00,477.92,0.0,477.92,现金,P0014,新店开业优惠14,
O001068,S001,北京王府井店,M00011,郑十一11,2024-05-21 10:00:00,364.9,0.0,364.9,会员余额,,,
O001069,S006,成都春熙店,,,2024-05-19 21:38:00,119.68,38.0,81.68,支付宝,P0010,节日促销10,
O001070,S009,南京新街口店,M00029,孙八29,2024-06-23 11:11:00,19.12,0.0,19.12,支付宝,P0010,节日促销10,
O001071,S002,上海南京路店,,,2024-03-12 18:16:00,184.57,0.0,184.57,支付宝,,,
O001072,S008,西安雁塔店,M00170,林十八170,2024-01-11 12:59:00,874.56,0.0,874.56,现金,,,
O001073,S004,深圳南山店,M00051,吴十51,2024-01-19 21:20:00,446.47,49.11,397.36,会员余额,P0011,夏日清凉11,
O001074,S007,武汉江汉店,,,2024-04-13 11:22:00,245.14,0.0,245.14,支付宝,,,
O001075,S006,成都春熙店,M00108,李二十二108,2024-06-07 18:30:00,443.27,0.0,443.27,会员余额,P0013,节日促销13,
O001076,S001,北京王府井店,M00055,李二十二55,2024-06-08 13:02:00,97.52,0.0,97.52,会员余额,,,
O001077,S010,重庆解放碑店,M00092,刘二十五92,2024-03-13 10:58:00,417.79,0.0,417.79,支付宝,P0007,周末特惠7,
O001078,S002,上海南京路店,,,2024-05-11 11:06:00,282.35,0.0,282.35,支付宝,P0007,周末特惠7,
O001079,S004,深圳南山店,,,2024-06-24 16:53:00,834.86,0.0,834.86,支付宝,,,
O001080,S010,重庆解放碑店,M00026,陈十三26,2024-01-07 17:45:00,66.33,0.0,66.33,会员余额,,,
O001081,S001,北京王府井店,,,2024-01-19 19:52:00,286.82,0.0,286.82,现金,,,
O001082,S009,南京新街口店,,,2024-01-05 16:43:00,665.79,0.0,665.79,微信支付,,,
O001083,S003,广州天河店,,,2024-04-01 18:06:00,564.33,0.0,564.33,微信支付,P0014,新店开业优惠14,
O001084,S004,深圳南山店,,,2024-05-01 12:34:00,385.26,38.0,347.26,现金,P0010,节日促销10,
O001085,S004,深圳南山店,M00135,周九135,2024-01-03 18:55:00,88.8,0.0,88.8,支付宝,,,
O001086,S008,西安雁塔店,M00134,陈二十六134,2024-05-17 18:05:00,703.99,38.0,665.99,微信支付,P0010,节日促销10,
O001087,S004,深圳南山店,,,2024-02-26 19:53:00,588.69,0.0,588.69,微信支付,,,
O001088,S004,深圳南山店,,,2024-03-15 20:04:00,339.32,0.0,339.32,支付宝,,,
O001089,S007,武汉江汉店,,,2024-01-26 14:39:00,366.33,0.0,366.33,现金,,,
O001090,S007,武汉江汉店,M00099,刘二十五99,2024-06-26 19:09:00,198.49,0.0,198.49,微信支付,,,
O001091,S006,成都春熙店,M00099,刘二十五99,2024-02-26 21:47:00,324.84,0.0,324.84,支付宝,,,
O001092,S001,北京王府井店,M00095,王十二95,2024-04-28 17:22:00,31.45,0.0,31.45,会员余额,,,
O001093,S008,西安雁塔店,M00010,周九10,2024-01-21 14:54:00,353.45,38.88,314.57,微信支付,P0011,夏日清凉11,
O001094,S005,杭州西湖店,M00105,孙八105,2024-01-20 10:54:00,333.26,0.0,333.26,支付宝,,,
O001095,S001,北京王府井店,M00198,马二十一198,2024-05-19 18:30:00,518.42,0.0,518.42,支付宝,,,
O001096,S004,深圳南山店,M00200,陈二十六200,2024-05-08 18:05:00,379.91,0.0,379.91,银行卡,,,
O001097,S010,重庆解放碑店,M00058,王二十四58,2024-02-10 12:36:00,277.95,38.0,239.95,支付宝,P0010,节日促销10,
O001098,S009,南京新街口店,M00071,李二十二71,2024-01-11 13:48:00,141.96,0.0,141.96,支付宝,,,
O001099,S010,重庆解放碑店,M00079,朱十七79,2024-05-12 15:24:00,50.33,0.0,50.33,微信支付,,,
O001100,S003,广州天河店,M00170,林十八170,2024-06-29 18:40:00,287.07,38.0,249.07,支付宝,P0010,节日促销10,
O001101,S009,南京新街口店,M00132,张二十三132,2024-04-06 20:24:00,63.03,0.0,63.03,支付宝,P0010,节日促销10,
O001102,S001,北京王府井店,M00075,黄十六75,2024-02-27 18:25:00,529.15,0.0,529.15,支付宝,P0014,新店开业优惠14,
O001103,S001,北京王府井店,M00114,陈二十六114,2024-02-12 13:04:00,62.16,0.0,62.16,会员余额,,,
O001104,S004,深圳南山店,M00012,张二十三12,2024-01-31 20:14:00,135.2,0.0,135.2,支付宝,,,
O001105,S006,成都春熙店,M00114,陈二十六114,2024-02-23 19:10:00,105.39,0.0,105.39,会员余额,,,
O001106,S003,广州天河店,M00053,郑十一53,2024-02-11 12:40:00,115.89,38.0,77.89,微信支付,P0010,节日促销10,
O001107,S006,成都春熙店,M00065,张二十三65,2024-05-12 16:38:00,422.11,0.0,422.11,会员余额,P0007,周末特惠7,
O001108,S004,深圳南山店,,,2024-04-30 17:10:00,111.82,0.0,111.82,会员余额,,,
O001109,S006,成都春熙店,,,2024-06-17 18:16:00,370.42,0.0,370.42,银行卡,P0007,周末特惠7,
O001110,S007,武汉江汉店,,,2024-04-08 12:06:00,541.72,0.0,541.72,支付宝,,,
O001111,S005,杭州西湖店,,,2024-05-01 19:38:00,353.85,0.0,353.85,会员余额,P0013,节日促销13,
O001112,S007,武汉江汉店,M00100,吴十100,2024-05-18 10:57:00,212.61,0.0,212.61,会员余额,P0013,节日促销13,
O001113,S006,成都春熙店,M00061,王五61,2024-04-19 13:51:00,552.36,0.0,552.36,微信支付,P0013,节日促销13,
O001114,S005,杭州西湖店,M00122,郑十一122,2024-04-18 12:16:00,142.74,0.0,142.74,会员余额,,,
O001115,S009,南京新街口店,,,2024-04-14 14:12:00,125.43,0.0,125.43,会员余额,P0007,周末特惠7,
O001116,S010,重庆解放碑店,M00078,刘十四78,2024-01-31 18:00:00,219.94,0.0,219.94,支付宝,,,
O001117,S001,北京王府井店,,,2024-06-15 19:16:00,600.05,0.0,600.05,支付宝,,,
O001118,S008,西安雁塔店,M00080,朱十七80,2024-04-15 18:50:00,664.95,0.0,664.95,现金,,,
O001119,S002,上海南京路店,,,2024-06-29 16:47:00,234.33,0.0,234.33,支付宝,P0013,节日促销13,
O001120,S009,南京新街口店,,,2024-04-24 21:10:00,593.55,0.0,593.55,微信支付,,,
O001121,S005,杭州西湖店,,,2024-02-11 16:40:00,234.77,0.0,234.77,银行卡,,,
O001122,S010,重庆解放碑店,,,2024-01-23 11:16:00,95.64,0.0,95.64,银行卡,,,
O001123,S005,杭州西湖店,M00102,何十九102,2024-04-12 19:41:00,280.31,38.0,242.31,微信支付,P0010,节日促销10,
O001124,S009,南京新街口店,,,2024-06-17 18:18:00,317.01,0.0,317.01,微信支付,P0014,新店开业优惠14,
O001125,S006,成都春熙店,,,2024-04-02 13:41:00,385.23,0.0,385.23,银行卡,,,
O001126,S002,上海南京路店,M00142,陈十三142,2024-04-13 19:12:00,72.75,0.0,72.75,支付宝,P0013,节日促销13,
O001127,S001,北京王府井店,M00037,王十二37,2024-05-23 19:22:00,129.02,14.19,114.83,支付宝,P0011,夏日清凉11,
O001128,S005,杭州西湖店,,,2024-05-27 10:16:00,341.35,0.0,341.35,会员余额,,,
O001129,S002,上海南京路店,M00082,高二十82,2024-03-06 18:52:00,322.47,0.0,322.47,支付宝,,,
O001130,S009,南京新街口店,M00043,黄十六43,2024-06-23 17:57:00,156.22,0.0,156.22,支付宝,,,
O001131,S008,西安雁塔店,M00002,刘十四2,2024-06-11 13:43:00,425.71,0.0,425.71,微信支付,P0013,节日促销13,
O001132,S006,成都春熙店,M00074,朱十七74,2024-03-14 11:25:00,134.13,0.0,134.13,支付宝,P0014,新店开业优惠14,
O001133,S005,杭州西湖店,,,2024-05-01 15:22:00,411.45,0.0,411.45,支付宝,,,
O001134,S002,上海南京路店,,,2024-05-07 21:12:00,121.4,0.0,121.4,支付宝,,,
O001135,S005,杭州西湖店,M00105,孙八105,2024-06-07 15:09:00,234.33,0.0,234.33,会员余额,,,
O001136,S010,重庆解放碑店,M00199,陈十三199,2024-01-02 18:02:00,163.03,0.0,163.03,银行卡,,,
O001137,S009,南京新街口店,M00185,李四185,2024-02-16 18:17:00,118.9,0.0,118.9,银行卡,P0014,新店开业优惠14,
O001138,S006,成都春熙店,M00176,高二十176,2024-05-02 18:02:00,573.57,0.0,573.57,会员余额,,,
O001139,S010,重庆解放碑店,,,2024-01-03 10:43:00,352.2,0.0,352.2,支付宝,,,
O001140,S008,西安雁塔店,,,2024-05-20 14:15:00,302.2,38.0,264.2,银行卡,P0010,节日促销10,
O001141,S004,深圳南山店,M00023,朱十七23,2024-02-23 16:44:00,236.63,0.0,236.63,会员余额,,,
O001142,S004,深圳南山店,,,2024-06-24 13:52:00,180.75,0.0,180.75,银行卡,,,
O001143,S001,北京王府井店,M00167,张三167,2024-02-20 12:51:00,29.07,0.0,29.07,支付宝,,,
O001144,S006,成都春熙店,M00065,张二十三65,2024-02-04 20:33:00,319.64,0.0,319.64,支付宝,,,
O001145,S003,广州天河店,,,2024-01-26 21:10:00,458.74,38.0,420.74,现金,P0010,节日促销10,
O001146,S006,成都春熙店,M00024,钱七24,2024-03-07 15:23:00,188.65,0.0,188.65,支付宝,P0007,周末特惠7,
O001147,S010,重庆解放碑店,M00200,陈二十六200,2024-06-22 19:12:00,571.85,0.0,571.85,会员余额,P0014,新店开业优惠14,
O001148,S008,西安雁塔店,M00059,李四59,2024-05-04 21:28:00,195.14,0.0,195.14,支付宝,,,
O001149,S010,重庆解放碑店,M00117,陈二十六117,2024-06-12 15:26:00,16.92,0.0,16.92,支付宝,,,
O001150,S002,上海南京路店,M00120,王十二120,2024-02-28 15:20:00,447.28,38.0,409.28,会员余额,P0010,节日促销10,
O001151,S010,重庆解放碑店,,,2024-04-25 16:10:00,582.56,0.0,582.56,微信支付,,,
O001152,S002,上海南京路店,,,2024-02-23 12:25:00,371.27,0.0,371.27,会员余额,,,
O001153,S009,南京新街口店,M00131,陈十三131,2024-01-22 11:16:00,261.43,0.0,261.43,支付宝,,,
O001154,S010,重庆解放碑店,M00006,孙八6,2024-06-09 12:08:00,48.54,0.0,48.54,现金,,,
O001155,S001,北京王府井店,M00136,朱十七136,2024-03-24 17:29:00,316.03,0.0,316.03,微信支付,,,
O001156,S010,重庆解放碑店,M00018,李二十二18,2024-05-31 19:29:00,630.36,0.0,630.36,现金,P0014,新店开业优惠14,
O001157,S005,杭州西湖店,,,2024-03-29 17:34:00,180.32,0.0,180.32,支付宝,,,
O001158,S001,北京王府井店,M00090,吴十90,2024-03-18 10:00:00,267.86,0.0,267.86,会员余额,P0014,新店开业优惠14,
O001159,S009,南京新街口店,M00165,王十二165,2024-01-03 21:59:00,336.41,0.0,336.41,微信支付,P0014,新店开业优惠14,
O001160,S004,深圳南山店,,,2024-01-02 18:23:00,417.85,0.0,417.85,银行卡,P0014,新店开业优惠14,
O001161,S009,南京新街口店,,,2024-04-06 13:16:00,794.96,0.0,794.96,会员余额,P0007,周末特惠7,
O001162,S003,广州天河店,M00140,何十九140,2024-03-09 16:12:00,194.19,0.0,194.19,支付宝,,,
O001163,S008,西安雁塔店,M00184,郑十一184,2024-03-10 21:39:00,58.04,0.0,58.04,微信支付,,,
O001164,S007,武汉江汉店,,,2024-02-17 11:18:00,288.26,0.0,288.26,支付宝,P0007,周末特惠7,
O001165,S002,上海南京路店,M00038,马二十一38,2024-03-28 16:19:00,222.26,0.0,222.26,现金,,,
O001166,S004,深圳南山店,,,2024-01-21 12:03:00,545.45,0.0,545.45,微信支付,,,
O001167,S010,重庆解放碑店,M00053,郑十一53,2024-02-01 21:15:00,125.0,38.0,87.0,支付宝,P0010,节日促销10,
O001168,S009,南京新街口店,M00029,孙八29,2024-01-25 18:42:00,536.25,0.0,536.25,会员余额,,,
O001169,S006,成都春熙店,M00116,陈二十六116,2024-02-01 14:30:00,71.73,0.0,71.73,微信支付,,,
O001170,S009,南京新街口店,M00066,陈十三66,2024-03-01 20:27:00,239.56,0.0,239.56,微信支付,,,
O001171,S002,上海南京路店,M00066,陈十三66,2024-01-11 19:50:00,158.3,17.41,140.89,微信支付,P0011,夏日清凉11,
O001172,S004,深圳南山店,M00023,朱十七23,2024-05-07 11:43:00,529.5,38.0,491.5,微信支付,P0010,节日促销10,
O001173,S010,重庆解放碑店,M00020,陈二十六20,2024-02-02 17:14:00,347.62,0.0,347.62,支付宝,,,
O001174,S010,重庆解放碑店,,,2024-02-04 14:57:00,405.63,0.0,405.63,会员余额,P0013,节日促销13,
O001175,S006,成都春熙店,M00008,孙八8,2024-02-17 18:22:00,456.94,0.0,456.94,银行卡,,,
O001176,S006,成都春熙店,M00193,张三193,2024-03-16 14:34:00,492.55,0.0,492.55,现金,,,
O001177,S004,深圳南山店,M00200,陈二十六200,2024-06-07 13:20:00,599.36,38.0,561.36,会员余额,P0010,节日促销10,
O001178,S002,上海南京路店,M00123,朱十七123,2024-02-09 19:18:00,68.07,7.49,60.58,会员余额,P0011,夏日清凉11,
O001179,S007,武汉江汉店,M00017,李二十二17,2024-06-17 11:02:00,23.38,0.0,23.38,支付宝,,,
O001180,S002,上海南京路店,M00003,张二十三3,2024-02-19 11:02:00,709.36,0.0,709.36,微信支付,P0007,周末特惠7,
O001181,S007,武汉江汉店,M00028,张二十三28,2024-04-03 13:38:00,189.17,0.0,189.17,微信支付,,,
O001182,S001,北京王府井店,M00036,吴十36,2024-04-29 20:03:00,468.61,38.0,430.61,现金,P0010,节日促销10,
O001183,S002,上海南京路店,,,2024-05-15 10:46:00,105.2,0.0,105.2,微信支付,,,
O001184,S008,西安雁塔店,,,2024-02-29 18:24:00,274.47,0.0,274.47,支付宝,,,
O001185,S002,上海南京路店,M00159,朱十七159,2024-05-22 21:35:00,619.02,0.0,619.02,微信支付,,,
O001186,S009,南京新街口店,M00147,朱十七147,2024-02-12 12:35:00,312.6,0.0,312.6,银行卡,,,
O001187,S010,重庆解放碑店,M00107,周九107,2024-03-31 15:35:00,303.93,0.0,303.93,会员余额,,,
O001188,S006,成都春熙店,,,2024-03-02 19:34:00,618.92,0.0,618.92,微信支付,P0007,周末特惠7,
O001189,S002,上海南京路店,M00145,吴十145,2024-03-13 19:01:00,213.58,0.0,213.58,支付宝,P0007,周末特惠7,
O001190,S003,广州天河店,,,2024-01-06 21:52:00,389.66,0.0,389.66,银行卡,,,
O001191,S006,成都春熙店,,,2024-04-01 12:08:00,98.69,0.0,98.69,现金,P0013,节日促销13,
O001192,S004,深圳南山店,M00036,吴十36,2024-01-24 19:25:00,78.96,0.0,78.96,现金,,,
O001193,S010,重庆解放碑店,M00154,张三154,2024-05-03 12:31:00,416.3,45.79,370.51,支付宝,P0011,夏日清凉11,
O001194,S006,成都春熙店,M00046,黄十六46,2024-01-21 10:58:00,446.26,0.0,446.26,微信支付,,,
O001195,S001,北京王府井店,,,2024-06-11 20:24:00,341.65,0.0,341.65,现金,,,
O001196,S005,杭州西湖店,,,2024-05-08 21:14:00,459.48,38.0,421.48,微信支付,P0010,节日促销10,
O001197,S006,成都春熙店,M00003,张二十三3,2024-02-26 16:18:00,230.97,0.0,230.97,微信支付,,,
O001198,S005,杭州西湖店,,,2024-05-20 16:16:00,397.84,0.0,397.84,银行卡,,,
O001199,S008,西安雁塔店,M00106,吴十106,2024-06-15 19:12:00,263.21,0.0,263.21,会员余额,P0014,新店开业优惠14,
O001200,S001,北京王府井店,M00141,马二十一141,2024-05-27 11:07:00,249.08,0.0,249.08,会员余额,,,
O001201,S003,广州天河店,M00116,陈二十六116,2024-01-07 14:10:00,299.47,0.0,299.47,微信支付,P0007,周末特惠7,
O001202,S007,武汉江汉店,M00045,张二十三45,2024-06-24 15:09:00,134.13,38.0,96.13,微信支付,P0010,节日促销10,
O001203,S002,上海南京路店,M00101,何十九101,2024-06-07 12:55:00,265.0,0.0,265.0,支付宝,,,
O001204,S008,西安雁塔店,M00067,赵六67,2024-01-06 15:13:00,627.8,0.0,627.8,支付宝,,,
O001205,S003,广州天河店,,,2024-06-26 21:42:00,195.32,0.0,195.32,支付宝,,,
O001206,S002,上海南京路店,,,2024-06-27 19:17:00,23.91,0.0,23.91,银行卡,P0007,周末特惠7,
O001207,S002,上海南京路店,M00177,李四177,2024-06-18 14:42:00,66.33,0.0,66.33,会员余额,P0014,新店开业优惠14,
O001208,S007,武汉江汉店,M00059,李四59,2024-04-08 13:24:00,367.94,38.0,329.94,微信支付,P0010,节日促销10,
O001209,S002,上海南京路店,M00094,刘二十五94,2024-02-17 13:32:00,532.64,0.0,532.64,支付宝,,,
O001210,S002,上海南京路店,M00146,杨十五146,2024-02-10 10:22:00,327.25,0.0,327.25,微信支付,,,
O001211,S003,广州天河店,M00136,朱十七136,2024-06-09 14:56:00,28.68,0.0,28.68,微信支付,P0013,节日促销13,
O001212,S004,深圳南山店,M00123,朱十七123,2024-02-08 15:57:00,604.77,0.0,604.77,支付宝,,,
O001213,S001,北京王府井店,,,2024-04-16 13:36:00,329.92,36.29,293.63,支付宝,P0011,夏日清凉11,
O001214,S003,广州天河店,M00038,马二十一38,2024-05-28 18:43:00,357.81,38.0,319.81,支付宝,P0010,节日促销10,
O001215,S005,杭州西湖店,M00163,李四163,2024-04-20 12:41:00,374.81,0.0,374.81,微信支付,P0013,节日促销13,
O001216,S008,西安雁塔店,,,2024-03-22 12:46:00,453.37,0.0,453.37,现金,,,
O001217,S009,南京新街口店,,,2024-02-08 13:06:00,501.38,0.0,501.38,支付宝,,,
O001218,S005,杭州西湖店,M00125,周九125,2024-06-01 13:14:00,494.0,0.0,494.0,现金,,,
O001219,S002,上海南京路店,M00023,朱十七23,2024-02-17 16:31:00,139.26,0.0,139.26,支付宝,,,
O001220,S003,广州天河店,M00134,陈二十六134,2024-04-15 13:47:00,76.65,0.0,76.65,会员余额,,,
O001221,S004,深圳南山店,M00012,张二十三12,2024-05-05 21:20:00,536.15,0.0,536.15,会员余额,P0007,周末特惠7,
O001222,S002,上海南京路店,M00188,杨十五188,2024-03-21 16:39:00,365.01,0.0,365.01,支付宝,,,
O001223,S006,成都春熙店,M00183,吴十183,2024-04-26 10:56:00,246.13,0.0,246.13,会员余额,,,
O001224,S001,北京王府井店,,,2024-06-10 10:12:00,179.11,0.0,179.11,银行卡,,,
O001225,S004,深圳南山店,,,2024-03-16 19:58:00,307.92,0.0,307.92,银行卡,,,
O001226,S004,深圳南山店,,,2024-01-24 21:32:00,608.88,0.0,608.88,微信支付,P0007,周末特惠7,
O001227,S001,北京王府井店,M00047,周九47,2024-02-15 17:37:00,197.6,0.0,197.6,会员余额,P0007,周末特惠7,
O001228,S009,南京新街口店,M00197,张二十三197,2024-02-01 11:07:00,153.45,16.88,136.57,会员余额,P0011,夏日清凉11,
O001229,S010,重庆解放碑店,M00154,张三154,2024-05-10 19:10:00,231.8,0.0,231.8,微信支付,,,
O001230,S005,杭州西湖店,M00152,王十二152,2024-02-07 12:49:00,264.86,0.0,264.86,微信支付,,,
O001231,S009,南京新街口店,M00032,郑十一32,2024-02-03 13:00:00,529.25,0.0,529.25,支付宝,,,
O001232,S006,成都春熙店,M00179,王五179,2024-03-01 13:37:00,191.89,0.0,191.89,会员余额,,,
O001233,S001,北京王府井店,M00018,李二十二18,2024-03-12 19:40:00,23.38,2.57,20.81,支付宝,P0011,夏日清凉11,
O001234,S006,成都春熙店,,,2024-01-15 20:22:00,532.21,58.54,473.67,微信支付,P0011,夏日清凉11,
O001235,S007,武汉江汉店,M00074,朱十七74,2024-04-16 12:10:00,545.9,60.05,485.85,会员余额,P0011,夏日清凉11,
O001236,S007,武汉江汉店,M00132,张二十三132,2024-04-02 10:05:00,322.25,0.0,322.25,支付宝,,,
O001237,S006,成都春熙店,M00011,郑十一11,2024-02-04 11:44:00,389.46,0.0,389.46,微信支付,,,
O001238,S010,重庆解放碑店,M00042,陈二十六42,2024-01-28 19:46:00,42.02,0.0,42.02,会员余额,,,
O001239,S005,杭州西湖店,M00003,张二十三3,2024-03-14 16:38:00,508.57,0.0,508.57,银行卡,,,
O001240,S009,南京新街口店,M00165,王十二165,2024-05-13 21:40:00,454.33,0.0,454.33,微信支付,P0013,节日促销13,
O001241,S006,成都春熙店,,,2024-04-29 20:50:00,496.64,0.0,496.64,会员余额,P0014,新店开业优惠14,
O001242,S007,武汉江汉店,M00191,李二十二191,2024-06-12 13:00:00,168.81,0.0,168.81,会员余额,P0013,节日促销13,
O001243,S004,深圳南山店,M00180,张三180,2024-03-23 10:07:00,604.5,0.0,604.5,会员余额,,,
O001244,S009,南京新街口店,,,2024-05-02 17:51:00,316.41,0.0,316.41,会员余额,,,
O001245,S003,广州天河店,M00197,张二十三197,2024-03-26 17:50:00,202.8,0.0,202.8,会员余额,P0007,周末特惠7,
O001246,S008,西安雁塔店,M00116,陈二十六116,2024-06-22 15:35:00,477.85,0.0,477.85,支付宝,,,
O001247,S001,北京王府井店,,,2024-06-09 18:53:00,184.0,38.0,146.0,现金,P0010,节日促销10,
O001248,S006,成都春熙店,,,2024-06-29 15:45:00,274.44,0.0,274.44,支付宝,,,
O001249,S005,杭州西湖店,,,2024-05-14 14:11:00,105.6,0.0,105.6,会员余额,P0007,周末特惠7,
O001250,S005,杭州西湖店,M00178,刘十四178,2024-01-07 17:57:00,644.8,0.0,644.8,支付宝,,,
O001251,S007,武汉江汉店,M00185,李四185,2024-01-26 18:43:00,80.18,0.0,80.18,银行卡,,,
O001252,S002,上海南京路店,M00014,刘十四14,2024-05-13 11:00:00,278.83,0.0,278.83,会员余额,,,
O001253,S009,南京新街口店,M00137,吴十137,2024-03-20 10:36:00,204.03,0.0,204.03,支付宝,P0007,周末特惠7,
O001254,S006,成都春熙店,M00136,朱十七136,2024-03-11 18:20:00,68.42,7.53,60.89,微信支付,P0011,夏日清凉11,
O001255,S003,广州天河店,,,2024-06-08 18:32:00,393.15,0.0,393.15,会员余额,,,
O001256,S009,南京新街口店,M00088,刘二十五88,2024-03-03 12:04:00,330.91,0.0,330.91,微信支付,P0014,新店开业优惠14,
O001257,S005,杭州西湖店,,,2024-01-28 16:03:00,745.42,0.0,745.42,会员余额,,,
O001258,S001,北京王府井店,M00190,孙八190,2024-04-01 14:21:00,486.16,53.48,432.68,银行卡,P0011,夏日清凉11,
O001259,S005,杭州西湖店,M00025,张三25,2024-01-25 17:19:00,323.43,38.0,285.43,支付宝,P0010,节日促销10,
O001260,S004,深圳南山店,M00055,李二十二55,2024-04-03 16:11:00,267.29,0.0,267.29,支付宝,P0007,周末特惠7,
O001261,S006,成都春熙店,M00192,张二十三192,2024-01-29 15:30:00,268.72,0.0,268.72,微信支付,,,
O001262,S002,上海南京路店,,,2024-04-13 21:50:00,173.64,0.0,173.64,会员余额,,,
O001263,S006,成都春熙店,M00034,王十二34,2024-04-28 16:37:00,414.33,0.0,414.33,会员余额,P0014,新店开业优惠14,
O001264,S001,北京王府井店,M00185,李四185,2024-05-31 16:50:00,179.63,0.0,179.63,支付宝,,,
O001265,S010,重庆解放碑店,M00038,马二十一38,2024-06-18 20:04:00,412.98,0.0,412.98,现金,P0014,新店开业优惠14,
O001266,S010,重庆解放碑店,M00200,陈二十六200,2024-05-22 11:52:00,251.25,0.0,251.25,会员余额,,,
O001267,S004,深圳南山店,M00001,王五1,2024-04-07 15:31:00,96.28,0.0,96.28,微信支付,,,
O001268,S007,武汉江汉店,M00015,杨十五15,2024-06-18 12:28:00,494.1,0.0,494.1,会员余额,,,
O001269,S002,上海南京路店,M00124,黄十六124,2024-06-22 14:58:00,241.6,0.0,241.6,会员余额,,,
O001270,S006,成都春熙店,,,2024-04-13 12:54:00,383.15,0.0,383.15,微信支付,,,
O001271,S008,西安雁塔店,M00130,李四130,2024-03-13 10:15:00,586.59,0.0,586.59,微信支付,,,
O001272,S006,成都春熙店,,,2024-06-18 12:30:00,145.02,0.0,145.02,支付宝,,,
O001273,S003,广州天河店,M00121,王十二121,2024-02-04 10:04:00,342.97,0.0,342.97,会员余额,,,
O001274,S009,南京新街口店,M00030,张二十三30,2024-04-16 17:57:00,423.26,0.0,423.26,银行卡,P0007,周末特惠7,
O001275,S005,杭州西湖店,M00139,朱十七139,2024-05-21 17:24:00,332.58,0.0,332.58,会员余额,,,
O001276,S004,深圳南山店,M00157,杨十五157,2024-03-09 16:59:00,116.34,0.0,116.34,会员余额,,,
O001277,S001,北京王府井店,M00154,张三154,2024-04-04 11:37:00,464.67,0.0,464.67,支付宝,P0013,节日促销13,
O001278,S006,成都春熙店,M00013,钱七13,2024-04-29 18:05:00,218.11,0.0,218.11,微信支付,P0014,新店开业优惠14,
O001279,S009,南京新街口店,M00134,陈二十六134,2024-06-24 20:34:00,58.14,0.0,58.14,微信支付,,,
O001280,S003,广州天河店,M00081,高二十81,2024-04-30 17:32:00,280.14,0.0,280.14,现金,,,
O001281,S001,北京王府井店,M00136,朱十七136,2024-02-12 10:44:00,561.63,38.0,523.63,会员余额,P0010,节日促销10,
O001282,S009,南京新街口店,M00014,刘十四14,2024-01-14 20:18:00,155.81,0.0,155.81,微信支付,P0013,节日促销13,
O001283,S002,上海南京路店,M00022,朱十七22,2024-03-12 14:08:00,256.44,0.0,256.44,微信支付,,,
O001284,S002,上海南京路店,M00142,陈十三142,2024-05-31 21:09:00,221.92,0.0,221.92,支付宝,,,
O001285,S009,南京新街口店,,,2024-02-16 18:55:00,122.7,0.0,122.7,银行卡,P0014,新店开业优惠14,
O001286,S010,重庆解放碑店,M00129,高二十129,2024-04-15 16:15:00,165.69,0.0,165.69,微信支付,P0013,节日促销13,
O001287,S001,北京王府井店,M00154,张三154,2024-06-13 14:48:00,430.5,0.0,430.5,微信支付,,,
O001288,S002,上海南京路店,M00192,张二十三192,2024-04-07 20:45:00,318.96,0.0,318.96,会员余额,,,
O001289,S007,武汉江汉店,M00068,王十二68,2024-06-23 10:06:00,691.29,0.0,691.29,现金,P0013,节日促销13,
O001290,S007,武汉江汉店,M00028,张二十三28,2024-03-09 11:16:00,409.16,0.0,409.16,会员余额,,,
O001291,S003,广州天河店,M00085,朱十七85,2024-03-27 20:44:00,168.9,0.0,168.9,微信支付,,,
O001292,S002,上海南京路店,M00055,李二十二55,2024-01-04 16:06:00,306.79,38.0,268.79,微信支付,P0010,节日促销10,
O001293,S001,北京王府井店,,,2024-01-09 10:39:00,554.83,61.03,493.8,微信支付,P0011,夏日清凉11,
O001294,S003,广州天河店,M00122,郑十一122,2024-06-03 12:24:00,353.18,38.0,315.18,支付宝,P0010,节日促销10,
O001295,S010,重庆解放碑店,M00064,何十九64,2024-06-18 11:40:00,545.14,0.0,545.14,支付宝,P0013,节日促销13,
O001296,S008,西安雁塔店,,,2024-01-19 14:49:00,80.18,0.0,80.18,现金,,,
O001297,S005,杭州西湖店,M00029,孙八29,2024-02-15 17:04:00,442.73,48.7,394.03,会员余额,P0011,夏日清凉11,
O001298,S005,杭州西湖店,M00158,马二十一158,2024-04-20 13:39:00,250.76,38.0,212.76,支付宝,P0010,节日促销10,
O001299,S005,杭州西湖店,M00193,张三193,2024-01-05 17:09:00,70.14,0.0,70.14,支付宝,,,
O001300,S005,杭州西湖店,M00199,陈十三199,2024-02-08 21:21:00,496.6,0.0,496.6,微信支付,,,
O001301,S007,武汉江汉店,M00095,王十二95,2024-05-18 13:00:00,413.28,0.0,413.28,现金,P0007,周末特惠7,
O001302,S010,重庆解放碑店,,,2024-06-23 14:25:00,380.93,0.0,380.93,现金,P0014,新店开业优惠14,
O001303,S009,南京新街口店,M00034,王十二34,2024-06-14 13:11:00,689.76,75.87,613.89,支付宝,P0011,夏日清凉11,
O001304,S004,深圳南山店,M00114,陈二十六114,2024-01-22 20:28:00,145.41,0.0,145.41,微信支付,,,
O001305,S006,成都春熙店,M00164,陈二十六164,2024-05-05 16:04:00,279.3,0.0,279.3,现金,P0007,周末特惠7,
O001306,S009,南京新街口店,M00119,马二十一119,2024-01-15 15:50:00,375.93,0.0,375.93,支付宝,,,
O001307,S010,重庆解放碑店,M00091,刘十四91,2024-06-22 18:09:00,31.88,0.0,31.88,支付宝,,,
O001308,S008,西安雁塔店,M00152,王十二152,2024-05-05 20:01:00,51.15,0.0,51.15,微信支付,P0007,周末特惠7,
O001309,S010,重庆解放碑店,M00029,孙八29,2024-02-14 20:03:00,42.02,0.0,42.02,微信支付,P0014,新店开业优惠14,
O001310,S007,武汉江汉店,M00107,周九107,2024-05-31 11:52:00,279.72,0.0,279.72,会员余额,,,
O001311,S005,杭州西湖店,,,2024-06-22 16:20:00,282.88,0.0,282.88,支付宝,P0014,新店开业优惠14,
O001312,S005,杭州西湖店,,,2024-03-26 11:07:00,179.8,38.0,141.8,会员余额,P0010,节日促销10,
O001313,S010,重庆解放碑店,M00149,王五149,2024-02-12 17:15:00,204.21,0.0,204.21,支付宝,,,
O001314,S009,南京新街口店,M00047,周九47,2024-02-10 10:56:00,132.6,0.0,132.6,支付宝,,,
O001315,S004,深圳南山店,M00032,郑十一32,2024-04-16 21:51:00,152.85,0.0,152.85,会员余额,,,
O001316,S009,南京新街口店,M00172,陈二十六172,2024-04-25 16:15:00,204.21,0.0,204.21,会员余额,P0013,节日促销13,
O001317,S006,成都春熙店,M00147,朱十七147,2024-05-07 19:05:00,393.39,0.0,393.39,支付宝,P0007,周末特惠7,
O001318,S003,广州天河店,M00166,林十八166,2024-02-19 11:33:00,379.62,0.0,379.62,支付宝,P0007,周末特惠7,
O001319,S004,深圳南山店,M00129,高二十129,2024-01-14 13:07:00,387.08,38.0,349.08,微信支付,P0010,节日促销10,
O001320,S005,杭州西湖店,,,2024-06-14 15:18:00,374.82,0.0,374.82,会员余额,,,
O001321,S008,西安雁塔店,,,2024-02-15 12:50:00,67.6,0.0,67.6,银行卡,,,
O001322,S010,重庆解放碑店,M00131,陈十三131,2024-05-31 19:20:00,150.22,0.0,150.22,微信支付,P0014,新店开业优惠14,
O001323,S003,广州天河店,M00051,吴十51,2024-03-01 21:26:00,177.14,0.0,177.14,会员余额,,,
O001324,S002,上海南京路店,M00120,王十二120,2024-05-04 10:56:00,270.67,0.0,270.67,会员余额,,,
O001325,S008,西安雁塔店,M00042,陈二十六42,2024-02-19 20:22:00,131.52,0.0,131.52,微信支付,,,
O001326,S008,西安雁塔店,M00030,张二十三30,2024-03-12 12:07:00,100.54,0.0,100.54,现金,,,
O001327,S004,深圳南山店,M00114,陈二十六114,2024-06-03 12:50:00,279.96,38.0,241.96,微信支付,P0010,节日促销10,
O001328,S001,北京王府井店,M00182,张三182,2024-04-15 18:31:00,271.44,0.0,271.44,会员余额,,,
O001329,S001,北京王府井店,M00028,张二十三28,2024-03-04 13:20:00,334.08,0.0,334.08,微信支付,,,
O001330,S003,广州天河店,M00062,张三62,2024-04-30 21:49:00,289.67,0.0,289.67,微信支付,,,
O001331,S003,广州天河店,,,2024-01-22 18:48:00,87.74,0.0,87.74,现金,P0007,周末特惠7,
O001332,S007,武汉江汉店,,,2024-03-02 20:05:00,314.13,34.55,279.58,会员余额,P0011,夏日清凉11,
O001333,S007,武汉江汉店,M00150,朱十七150,2024-05-29 10:29:00,603.49,0.0,603.49,会员余额,,,
O001334,S009,南京新街口店,M00172,陈二十六172,2024-01-19 16:57:00,344.67,0.0,344.67,会员余额,,,
O001335,S006,成都春熙店,M00044,李四44,2024-05-27 13:50:00,199.5,0.0,199.5,微信支付,P0013,节日促销13,
O001336,S006,成都春熙店,M00049,刘二十五49,2024-01-29 16:23:00,280.89,0.0,280.89,微信支付,,,
O001337,S009,南京新街口店,,,2024-05-23 21:49:00,125.99,13.86,112.13,银行卡,P0011,夏日清凉11,
O001338,S005,杭州西湖店,M00154,张三154,2024-05-28 21:13:00,164.08,0.0,164.08,支付宝,P0014,新店开业优惠14,
O001339,S007,武汉江汉店,M00167,张三167,2024-01-14 11:23:00,581.38,0.0,581.38,支付宝,,,
O001340,S004,深圳南山店,M00116,陈二十六116,2024-04-25 19:23:00,23.91,0.0,23.91,微信支付,P0007,周末特惠7,
O001341,S010,重庆解放碑店,,,2024-01-21 16:57:00,31.88,0.0,31.88,支付宝,P0007,周末特惠7,
O001342,S004,深圳南山店,,,2024-03-11 11:44:00,201.6,0.0,201.6,微信支付,,,
O001343,S010,重庆解放碑店,M00047,周九47,2024-03-16 16:43:00,191.29,0.0,191.29,支付宝,,,
O001344,S004,深圳南山店,M00009,陈十三9,2024-02-18 11:01:00,550.58,0.0,550.58,支付宝,,,
O001345,S009,南京新街口店,M00190,孙八190,2024-05-31 20:44:00,364.24,0.0,364.24,支付宝,,,
O001346,S008,西安雁塔店,M00184,郑十一184,2024-03-07 13:30:00,52.56,0.0,52.56,现金,,,
O001347,S007,武汉江汉店,M00026,陈十三26,2024-03-13 17:10:00,398.23,0.0,398.23,微信支付,,,
O001348,S003,广州天河店,M00120,王十二120,2024-03-01 11:02:00,331.66,0.0,331.66,会员余额,,,
O001349,S007,武汉江汉店,M00035,郑十一35,2024-01-09 20:20:00,312.1,0.0,312.1,微信支付,,,
O001350,S010,重庆解放碑店,,,2024-04-13 17:49:00,178.52,0.0,178.52,会员余额,,,
O001351,S004,深圳南山店,M00119,马二十一119,2024-05-09 15:41:00,412.16,0.0,412.16,会员余额,,,
O001352,S010,重庆解放碑店,,,2024-04-23 15:44:00,31.88,0.0,31.88,会员余额,,,
O001353,S008,西安雁塔店,M00031,赵六31,2024-01-30 14:01:00,238.51,0.0,238.51,会员余额,P0007,周末特惠7,
O001354,S010,重庆解放碑店,M00047,周九47,2024-06-13 13:37:00,118.26,0.0,118.26,支付宝,P0007,周末特惠7,
O001355,S002,上海南京路店,M00159,朱十七159,2024-06-22 20:05:00,402.63,0.0,402.63,会员余额,,,
O001356,S001,北京王府井店,M00175,王五175,2024-04-02 16:09:00,317.93,0.0,317.93,支付宝,,,
O001357,S007,武汉江汉店,,,2024-04-24 18:05:00,516.7,0.0,516.7,银行卡,P0014,新店开业优惠14,
O001358,S010,重庆解放碑店,,,2024-02-05 19:38:00,336.29,0.0,336.29,银行卡,,,
O001359,S008,西安雁塔店,M00113,杨十五113,2024-01-23 10:26:00,106.68,0.0,106.68,微信支付,,,
O001360,S008,西安雁塔店,M00083,吴十83,2024-02-21 12:53:00,58.14,0.0,58.14,支付宝,,,
O001361,S002,上海南京路店,M00033,李二十二33,2024-05-06 18:47:00,72.75,0.0,72.75,支付宝,,,
O001362,S009,南京新街口店,,,2024-06-12 20:30:00,287.93,0.0,287.93,支付宝,P0013,节日促销13,
O001363,S003,广州天河店,,,2024-01-08 11:48:00,48.54,0.0,48.54,现金,P0010,节日促销10,
O001364,S005,杭州西湖店,M00018,李二十二18,2024-05-28 17:36:00,417.15,0.0,417.15,会员余额,,,
O001365,S010,重庆解放碑店,M00184,郑十一184,2024-01-05 14:10:00,261.5,0.0,261.5,微信支付,,,
O001366,S001,北京王府井店,M00008,孙八8,2024-03-10 15:26:00,46.76,0.0,46.76,会员余额,P0010,节日促销10,
O001367,S008,西安雁塔店,,,2024-06-12 11:32:00,145.83,0.0,145.83,支付宝,P0014,新店开业优惠14,
O001368,S009,南京新街口店,M00061,王五61,2024-05-19 15:55:00,518.55,0.0,518.55,微信支付,P0014,新店开业优惠14,
O001369,S002,上海南京路店,M00174,杨十五174,2024-05-16 19:22:00,448.12,0.0,448.12,微信支付,,,
O001370,S008,西安雁塔店,,,2024-02-25 12:32:00,634.2,0.0,634.2,会员余额,,,
O001371,S008,西安雁塔店,M00146,杨十五146,2024-06-28 11:26:00,168.73,0.0,168.73,现金,,,
O001372,S001,北京王府井店,,,2024-03-20 21:23:00,324.77,0.0,324.77,微信支付,,,
O001373,S009,南京新街口店,M00089,黄十六89,2024-01-31 13:08:00,136.57,0.0,136.57,微信支付,,,
O001374,S002,上海南京路店,M00165,王十二165,2024-01-21 16:44:00,77.56,0.0,77.56,微信支付,,,
O001375,S004,深圳南山店,M00008,孙八8,2024-02-20 11:02:00,100.66,0.0,100.66,支付宝,,,
O001376,S010,重庆解放碑店,M00127,刘十四127,2024-01-12 11:19:00,244.44,38.0,206.44,支付宝,P0010,节日促销10,
O001377,S003,广州天河店,M00141,马二十一141,2024-05-30 13:11:00,414.24,0.0,414.24,会员余额,,,
O001378,S002,上海南京路店,M00070,张三70,2024-03-30 15:10:00,355.92,0.0,355.92,会员余额,P0013,节日促销13,
O001379,S003,广州天河店,M00003,张二十三3,2024-01-04 18:13:00,78.4,0.0,78.4,微信支付,P0014,新店开业优惠14,
O001380,S001,北京王府井店,M00066,陈十三66,2024-02-24 18:54:00,330.53,0.0,330.53,支付宝,,,
O001381,S005,杭州西湖店,,,2024-04-18 13:32:00,190.9,0.0,190.9,会员余额,,,
O001382,S003,广州天河店,M00097,李二十二97,2024-02-04 17:48:00,317.65,0.0,317.65,支付宝,,,
O001383,S001,北京王府井店,M00093,郑十一93,2024-06-02 21:19:00,338.94,0.0,338.94,支付宝,P0013,节日促销13,
O001384,S007,武汉江汉店,M00179,王五179,2024-02-18 11:57:00,549.18,0.0,549.18,支付宝,,,
O001385,S001,北京王府井店,M00142,陈十三142,2024-04-22 18:42:00,429.06,0.0,429.06,支付宝,,,
O001386,S005,杭州西湖店,M00129,高二十129,2024-01-17 15:12:00,226.5,0.0,226.5,支付宝,,,
O001387,S007,武汉江汉店,M00130,李四130,2024-05-28 19:17:00,391.37,0.0,391.37,支付宝,P0014,新店开业优惠14,
O001388,S010,重庆解放碑店,M00125,周九125,2024-05-10 14:09:00,195.08,0.0,195.08,支付宝,,,
O001389,S006,成都春熙店,,,2024-01-08 11:47:00,489.14,0.0,489.14,支付宝,,,
O001390,S002,上海南京路店,,,2024-03-18 19:39:00,397.8,0.0,397.8,银行卡,,,
O001391,S002,上海南京路店,M00176,高二十176,2024-05-05 18:16:00,450.82,0.0,450.82,支付宝,P0007,周末特惠7,
O001392,S008,西安雁塔店,M00189,张二十三189,2024-03-21 16:28:00,618.08,0.0,618.08,微信支付,,,
O001393,S005,杭州西湖店,M00150,朱十七150,2024-03-20 21:24:00,720.03,0.0,720.03,支付宝,,,
O001394,S003,广州天河店,,,2024-05-23 12:32:00,574.24,0.0,574.24,现金,,,
O001395,S010,重庆解放碑店,,,2024-01-16 10:37:00,330.86,38.0,292.86,现金,P0010,节日促销10,
O001396,S001,北京王府井店,M00067,赵六67,2024-04-07 11:27:00,121.77,0.0,121.77,支付宝,,,
O001397,S007,武汉江汉店,M00089,黄十六89,2024-03-01 20:19:00,112.6,0.0,112.6,支付宝,P0007,周末特惠7,
O001398,S006,成都春熙店,M00113,杨十五113,2024-02-13 10:34:00,472.39,0.0,472.39,会员余额,,,
O001399,S004,深圳南山店,M00066,陈十三66,2024-04-30 19:01:00,132.28,0.0,132.28,会员余额,,,
O001400,S008,西安雁塔店,M00160,黄十六160,2024-06-21 13:21:00,640.39,0.0,640.39,支付宝,P0013,节日促销13,
O001401,S004,深圳南山店,M00068,王十二68,2024-06-11 11:53:00,325.58,0.0,325.58,银行卡,,,
O001402,S006,成都春熙店,M00138,孙八138,2024-02-27 19:47:00,328.92,0.0,328.92,会员余额,P0007,周末特惠7,
O001403,S010,重庆解放碑店,M00017,李二十二17,2024-05-01 16:13:00,301.87,0.0,301.87,支付宝,,,
O001404,S003,广州天河店,,,2024-02-21 16:25:00,458.22,0.0,458.22,支付宝,,,
O001405,S003,广州天河店,M00198,马二十一198,2024-05-27 17:13:00,430.28,0.0,430.28,会员余额,P0007,周末特惠7,
O001406,S008,西安雁塔店,,,2024-06-09 10:33:00,269.13,0.0,269.13,现金,,,
O001407,S002,上海南京路店,M00167,张三167,2024-04-21 16:20:00,375.28,0.0,375.28,会员余额,P0014,新店开业优惠14,
O001408,S004,深圳南山店,,,2024-06-02 13:25:00,86.82,0.0,86.82,现金,,,
O001409,S001,北京王府井店,M00012,张二十三12,2024-04-28 17:35:00,78.11,0.0,78.11,支付宝,,,
O001410,S009,南京新街口店,M00095,王十二95,2024-02-04 10:16:00,375.58,0.0,375.58,微信支付,,,
O001411,S008,西安雁塔店,M00067,赵六67,2024-01-15 11:20:00,263.68,0.0,263.68,银行卡,P0014,新店开业优惠14,
O001412,S008,西安雁塔店,M00116,陈二十六116,2024-02-05 13:07:00,87.21,0.0,87.21,会员余额,,,
O001413,S001,北京王府井店,,,2024-03-05 17:56:00,132.41,0.0,132.41,银行卡,,,
O001414,S009,南京新街口店,,,2024-03-01 16:13:00,197.3,0.0,197.3,会员余额,,,
O001415,S009,南京新街口店,M00035,郑十一35,2024-01-15 17:34:00,511.46,56.26,455.2,支付宝,P0011,夏日清凉11,
O001416,S001,北京王府井店,M00010,周九10,2024-02-07 15:30:00,116.34,0.0,116.34,会员余额,P0014,新店开业优惠14,
O001417,S001,北京王府井店,M00098,林十八98,2024-01-09 21:42:00,590.92,0.0,590.92,会员余额,,,
O001418,S002,上海南京路店,,,2024-02-01 18:55:00,97.52,0.0,97.52,现金,,,
O001419,S002,上海南京路店,M00105,孙八105,2024-03-18 11:59:00,126.46,0.0,126.46,会员余额,,,
O001420,S004,深圳南山店,M00089,黄十六89,2024-04-14 10:17:00,382.58,0.0,382.58,微信支付,P0007,周末特惠7,
O001421,S004,深圳南山店,M00114,陈二十六114,2024-02-11 21:16:00,317.2,0.0,317.2,微信支付,,,
O001422,S003,广州天河店,M00108,李二十二108,2024-06-13 20:11:00,168.63,18.55,150.08,会员余额,P0011,夏日清凉11,
O001423,S002,上海南京路店,,,2024-03-19 15:36:00,638.32,0.0,638.32,银行卡,,,
O001424,S005,杭州西湖店,M00197,张二十三197,2024-03-22 17:30:00,418.32,0.0,418.32,支付宝,,,
O001425,S002,上海南京路店,M00014,刘十四14,2024-02-20 11:26:00,231.06,0.0,231.06,会员余额,,,
O001426,S006,成都春熙店,M00126,何十九126,2024-06-05 20:14:00,124.78,0.0,124.78,支付宝,P0007,周末特惠7,
O001427,S002,上海南京路店,M00022,朱十七22,2024-01-13 16:39:00,77.56,0.0,77.56,会员余额,,,
O001428,S003,广州天河店,M00165,王十二165,2024-01-31 10:45:00,416.29,0.0,416.29,微信支付,P0014,新店开业优惠14,
O001429,S002,上海南京路店,M00062,张三62,2024-03-09 14:47:00,159.54,0.0,159.54,会员余额,,,
O001430,S006,成都春熙店,,,2024-06-22 13:26:00,83.62,0.0,83.62,现金,P0013,节日促销13,
O001431,S009,南京新街口店,M00176,高二十176,2024-03-01 19:28:00,553.78,0.0,553.78,会员余额,,,
O001432,S006,成都春熙店,M00061,王五61,2024-04-11 20:13:00,619.88,0.0,619.88,支付宝,P0007,周末特惠7,
O001433,S007,武汉江汉店,M00132,张二十三132,2024-03-01 17:58:00,489.95,0.0,489.95,会员余额,P0007,周末特惠7,
O001434,S002,上海南京路店,M00179,王五179,2024-04-07 14:25:00,418.38,0.0,418.38,支付宝,,,
O001435,S009,南京新街口店,,,2024-03-27 17:08:00,175.97,38.0,137.97,微信支付,P0010,节日促销10,
O001436,S008,西安雁塔店,M00180,张三180,2024-02-02 17:55:00,205.36,0.0,205.36,支付宝,,,
O001437,S004,深圳南山店,M00178,刘十四178,2024-05-12 15:27:00,529.16,0.0,529.16,银行卡,,,
O001438,S001,北京王府井店,,,2024-01-14 13:09:00,216.96,0.0,216.96,银行卡,,,
O001439,S008,西安雁塔店,M00148,吴十148,2024-01-30 17:02:00,480.82,0.0,480.82,微信支付,P0014,新店开业优惠14,
O001440,S001,北京王府井店,M00020,陈二十六20,2024-03-30 11:13:00,236.64,0.0,236.64,会员余额,,,
O001441,S006,成都春熙店,M00010,周九10,2024-06-18 19:13:00,476.14,38.0,438.14,银行卡,P0010,节日促销10,
O001442,S002,上海南京路店,M00029,孙八29,2024-06-22 11:56:00,419.95,0.0,419.95,微信支付,,,
O001443,S004,深圳南山店,M00080,朱十七80,2024-01-21 17:53:00,732.91,0.0,732.91,会员余额,,,
O001444,S003,广州天河店,M00039,马二十一39,2024-04-25 15:46:00,267.79,38.0,229.79,微信支付,P0010,节日促销10,
O001445,S005,杭州西湖店,M00112,王二十四112,2024-01-19 18:38:00,207.67,0.0,207.67,微信支付,,,
O001446,S010,重庆解放碑店,M00082,高二十82,2024-02-23 12:24:00,626.5,0.0,626.5,会员余额,,,
O001447,S001,北京王府井店,M00153,高二十153,2024-06-03 12:22:00,227.89,0.0,227.89,会员余额,P0013,节日促销13,
O001448,S009,南京新街口店,M00106,吴十106,2024-06-02 16:05:00,463.92,0.0,463.92,会员余额,P0014,新店开业优惠14,
O001449,S005,杭州西湖店,,,2024-03-28 17:43:00,268.17,0.0,268.17,会员余额,P0013,节日促销13,
O001450,S010,重庆解放碑店,M00198,马二十一198,2024-01-22 14:29:00,398.99,38.0,360.99,微信支付,P0010,节日促销10,
O001451,S003,广州天河店,M00191,李二十二191,2024-05-13 16:18:00,88.8,0.0,88.8,会员余额,,,
O001452,S010,重庆解放碑店,M00067,赵六67,2024-04-18 16:06:00,378.74,41.66,337.08,微信支付,P0011,夏日清凉11,
O001453,S001,北京王府井店,M00134,陈二十六134,2024-05-08 10:07:00,71.14,0.0,71.14,支付宝,,,
O001454,S007,武汉江汉店,M00031,赵六31,2024-06-29 14:20:00,325.52,0.0,325.52,支付宝,,,
O001455,S001,北京王府井店,,,2024-01-21 21:38:00,379.89,0.0,379.89,微信支付,P0007,周末特惠7,
O001456,S010,重庆解放碑店,M00102,何十九102,2024-01-04 12:41:00,431.57,38.0,393.57,支付宝,P0010,节日促销10,
O001457,S003,广州天河店,M00034,王十二34,2024-06-25 20:44:00,62.42,0.0,62.42,微信支付,P0014,新店开业优惠14,
O001458,S002,上海南京路店,,,2024-02-18 11:52:00,29.6,0.0,29.6,银行卡,P0010,节日促销10,
O001459,S009,南京新街口店,,,2024-06-15 12:41:00,394.01,43.34,350.67,银行卡,P0011,夏日清凉11,
O001460,S009,南京新街口店,,,2024-04-18 10:07:00,531.69,0.0,531.69,支付宝,,,
O001461,S010,重庆解放碑店,M00094,刘二十五94,2024-02-21 14:36:00,157.12,0.0,157.12,支付宝,,,
O001462,S001,北京王府井店,M00117,陈二十六117,2024-05-06 21:37:00,200.8,0.0,200.8,会员余额,,,
O001463,S002,上海南京路店,M00037,王十二37,2024-05-31 21:39:00,204.57,0.0,204.57,支付宝,P0013,节日促销13,
O001464,S006,成都春熙店,,,2024-05-27 15:35:00,431.76,47.49,384.27,现金,P0011,夏日清凉11,
O001465,S010,重庆解放碑店,,,2024-04-24 21:27:00,271.16,0.0,271.16,银行卡,,,
O001466,S005,杭州西湖店,M00121,王十二121,2024-02-29 18:14:00,637.26,38.0,599.26,支付宝,P0010,节日促销10,
O001467,S005,杭州西湖店,M00193,张三193,2024-06-21 20:47:00,286.86,0.0,286.86,现金,,,
O001468,S006,成都春熙店,M00060,黄十六60,2024-06-25 21:05:00,87.2,0.0,87.2,微信支付,,,
O001469,S005,杭州西湖店,,,2024-04-16 17:19:00,27.42,0.0,27.42,现金,,,
O001470,S006,成都春熙店,,,2024-04-01 20:10:00,299.19,0.0,299.19,会员余额,P0007,周末特惠7,
O001471,S003,广州天河店,,,2024-02-28 11:35:00,224.97,0.0,224.97,现金,,,
O001472,S004,深圳南山店,M00002,刘十四2,2024-02-08 21:55:00,384.43,0.0,384.43,微信支付,P0007,周末特惠7,
O001473,S001,北京王府井店,,,2024-05-23 10:32:00,118.13,12.99,105.14,现金,P0011,夏日清凉11,
O001474,S008,西安雁塔店,M00199,陈十三199,2024-04-23 18:31:00,474.22,0.0,474.22,银行卡,,,
O001475,S008,西安雁塔店,M00161,李四161,2024-01-02 13:53:00,430.26,0.0,430.26,支付宝,,,
O001476,S009,南京新街口店,,,2024-06-10 20:15:00,185.71,0.0,185.71,银行卡,P0007,周末特惠7,
O001477,S006,成都春熙店,M00062,张三62,2024-04-27 18:50:00,187.29,20.6,166.69,微信支付,P0011,夏日清凉11,
O001478,S007,武汉江汉店,M00061,王五61,2024-03-27 15:25:00,47.82,0.0,47.82,会员余额,,,
O001479,S002,上海南京路店,M00017,李二十二17,2024-06-13 12:57:00,728.63,38.0,690.63,支付宝,P0010,节日促销10,
O001480,S008,西安雁塔店,M00087,杨十五87,2024-03-21 15:00:00,421.3,38.0,383.3,支付宝,P0010,节日促销10,
O001481,S003,广州天河店,M00123,朱十七123,2024-05-19 19:50:00,369.63,0.0,369.63,现金,,,
O001482,S006,成都春熙店,M00037,王十二37,2024-01-22 10:34:00,311.75,0.0,311.75,会员余额,P0013,节日促销13,
O001483,S006,成都春熙店,M00016,张二十三16,2024-03-20 18:21:00,63.03,0.0,63.03,支付宝,,,
O001484,S005,杭州西湖店,M00147,朱十七147,2024-03-02 14:46:00,568.04,0.0,568.04,微信支付,,,
O001485,S003,广州天河店,M00118,黄十六118,2024-01-13 20:07:00,100.66,0.0,100.66,微信支付,,,
O001486,S002,上海南京路店,M00023,朱十七23,2024-05-28 19:45:00,432.65,0.0,432.65,会员余额,P0007,周末特惠7,
O001487,S003,广州天河店,M00090,吴十90,2024-02-05 21:24:00,357.89,0.0,357.89,支付宝,,,
O001488,S009,南京新街口店,M00075,黄十六75,2024-01-26 12:45:00,16.92,0.0,16.92,微信支付,,,
O001489,S008,西安雁塔店,,,2024-05-01 13:28:00,371.38,40.85,330.53,现金,P0011,夏日清凉11,
O001490,S007,武汉江汉店,M00173,张二十三173,2024-05-29 17:40:00,285.25,0.0,285.25,微信支付,,,
O001491,S006,成都春熙店,,,2024-05-04 21:29:00,318.69,0.0,318.69,微信支付,P0014,新店开业优惠14,
O001492,S004,深圳南山店,M00012,张二十三12,2024-02-10 18:23:00,298.55,0.0,298.55,微信支付,,,
O001493,S001,北京王府井店,M00139,朱十七139,2024-05-13 12:07:00,82.87,9.12,73.75,支付宝,P0011,夏日清凉11,
O001494,S004,深圳南山店,,,2024-02-06 19:26:00,327.09,0.0,327.09,银行卡,P0013,节日促销13,
O001495,S003,广州天河店,M00143,张三143,2024-01-01 11:35:00,440.85,48.49,392.36,银行卡,P0011,夏日清凉11,
O001496,S001,北京王府井店,M00073,赵六73,2024-03-27 16:30:00,110.51,0.0,110.51,支付宝,P0007,周末特惠7,
O001497,S008,西安雁塔店,M00147,朱十七147,2024-06-19 17:09:00,655.28,0.0,655.28,银行卡,,,
O001498,S009,南京新街口店,M00133,李四133,2024-03-27 18:02:00,548.34,38.0,510.34,会员余额,P0010,节日促销10,
O001499,S010,重庆解放碑店,,,2024-03-20 18:41:00,351.57,0.0,351.57,会员余额,,,
O001500,S007,武汉江汉店,,,2024-01-14 19:33:00,51.15,0.0,51.15,会员余额,,,
O001501,S006,成都春熙店,M00183,吴十183,2024-02-16 10:17:00,798.38,0.0,798.38,银行卡,,,
O001502,S004,深圳南山店,M00169,郑十一169,2024-05-30 10:31:00,262.61,0.0,262.61,支付宝,,,
O001503,S006,成都春熙店,M00158,马二十一158,2024-03-06 11:07:00,218.15,0.0,218.15,微信支付,,,
O001504,S008,西安雁塔店,,,2024-03-19 16:43:00,246.46,0.0,246.46,微信支付,P0013,节日促销13,
O001505,S005,杭州西湖店,M00108,李二十二108,2024-03-17 16:06:00,189.81,0.0,189.81,微信支付,,,
O001506,S010,重庆解放碑店,,,2024-03-02 19:37:00,263.11,0.0,263.11,银行卡,,,
O001507,S009,南京新街口店,M00069,李二十二69,2024-05-21 16:04:00,74.19,0.0,74.19,会员余额,,,
O001508,S005,杭州西湖店,M00022,朱十七22,2024-06-21 11:15:00,224.4,0.0,224.4,支付宝,P0014,新店开业优惠14,
O001509,S001,北京王府井店,,,2024-01-22 20:32:00,308.21,38.0,270.21,会员余额,P0010,节日促销10,
O001510,S010,重庆解放碑店,,,2024-04-18 18:28:00,368.62,40.55,328.07,银行卡,P0011,夏日清凉11,
O001511,S007,武汉江汉店,M00173,张二十三173,2024-03-10 19:16:00,233.36,0.0,233.36,支付宝,,,
O001512,S006,成都春熙店,M00109,周九109,2024-01-12 12:47:00,63.76,0.0,63.76,微信支付,,,
O001513,S007,武汉江汉店,M00158,马二十一158,2024-02-05 21:35:00,243.27,0.0,243.27,会员余额,P0013,节日促销13,
O001514,S007,武汉江汉店,M00023,朱十七23,2024-03-28 20:16:00,120.15,0.0,120.15,微信支付,P0013,节日促销13,
O001515,S002,上海南京路店,,,2024-04-27 19:21:00,375.88,0.0,375.88,支付宝,P0014,新店开业优惠14,
O001516,S008,西安雁塔店,M00057,钱七57,2024-04-15 18:57:00,275.23,0.0,275.23,会员余额,,,
O001517,S005,杭州西湖店,M00147,朱十七147,2024-01-08 20:28:00,286.63,0.0,286.63,微信支付,,,
O001518,S008,西安雁塔店,M00089,黄十六89,2024-02-01 17:23:00,125.43,0.0,125.43,会员余额,,,
O001519,S006,成都春熙店,M00099,刘二十五99,2024-04-01 13:05:00,317.82,38.0,279.82,会员余额,P0010,节日促销10,
O001520,S002,上海南京路店,,,2024-06-29 19:13:00,764.32,84.08,680.24,支付宝,P0011,夏日清凉11,
O001521,S003,广州天河店,M00185,李四185,2024-05-21 13:42:00,248.74,27.36,221.38,微信支付,P0011,夏日清凉11,
O001522,S008,西安雁塔店,M00036,吴十36,2024-02-02 14:59:00,394.26,0.0,394.26,会员余额,,,
O001523,S003,广州天河店,M00049,刘二十五49,2024-06-06 14:43:00,570.45,0.0,570.45,现金,,,
O001524,S001,北京王府井店,,,2024-04-20 16:17:00,221.34,0.0,221.34,支付宝,,,
O001525,S002,上海南京路店,M00149,王五149,2024-01-13 14:58:00,142.74,0.0,142.74,支付宝,,,
O001526,S008,西安雁塔店,,,2024-01-21 19:51:00,401.98,38.0,363.98,现金,P0010,节日促销10,
O001527,S003,广州天河店,,,2024-01-17 20:40:00,164.31,0.0,164.31,现金,,,
O001528,S010,重庆解放碑店,M00200,陈二十六200,2024-03-05 13:06:00,112.6,0.0,112.6,会员余额,P0014,新店开业优惠14,
O001529,S002,上海南京路店,M00187,王二十四187,2024-03-01 11:49:00,260.46,0.0,260.46,会员余额,,,
O001530,S006,成都春熙店,M00142,陈十三142,2024-02-01 11:03:00,361.47,0.0,361.47,会员余额,,,
O001531,S007,武汉江汉店,M00004,周九4,2024-04-20 11:06:00,208.4,0.0,208.4,支付宝,,,
O001532,S009,南京新街口店,M00031,赵六31,2024-02-29 19:50:00,306.71,0.0,306.71,微信支付,,,
O001533,S009,南京新街口店,M00180,张三180,2024-03-27 20:43:00,247.27,0.0,247.27,微信支付,,,
O001534,S006,成都春熙店,M00103,王五103,2024-06-01 21:04:00,479.68,52.76,426.92,支付宝,P0011,夏日清凉11,
O001535,S003,广州天河店,,,2024-06-07 17:11:00,67.6,0.0,67.6,现金,P0013,节日促销13,
O001536,S007,武汉江汉店,M00091,刘十四91,2024-05-29 16:32:00,216.32,0.0,216.32,支付宝,P0007,周末特惠7,
O001537,S001,北京王府井店,M00072,王二十四72,2024-04-30 14:38:00,153.45,0.0,153.45,会员余额,,,
O001538,S004,深圳南山店,,,2024-06-22 12:03:00,183.94,38.0,145.94,支付宝,P0010,节日促销10,
O001539,S005,杭州西湖店,M00022,朱十七22,2024-01-18 15:12:00,611.73,67.29,544.44,支付宝,P0011,夏日清凉11,
O001540,S001,北京王府井店,M00006,孙八6,2024-06-06 14:26:00,35.98,0.0,35.98,支付宝,,,
O001541,S005,杭州西湖店,M00032,郑十一32,2024-01-01 20:14:00,132.84,0.0,132.84,会员余额,,,
O001542,S007,武汉江汉店,,,2024-04-06 13:25:00,222.04,0.0,222.04,微信支付,P0014,新店开业优惠14,
O001543,S001,北京王府井店,,,2024-05-22 11:09:00,248.24,0.0,248.24,现金,,,
O001544,S008,西安雁塔店,,,2024-02-14 13:56:00,210.57,0.0,210.57,现金,,,
O001545,S002,上海南京路店,M00090,吴十90,2024-01-26 10:53:00,62.9,0.0,62.9,支付宝,,,
O001546,S007,武汉江汉店,M00003,张二十三3,2024-04-26 13:23:00,588.08,0.0,588.08,支付宝,P0014,新店开业优惠14,
O001547,S004,深圳南山店,M00139,朱十七139,2024-02-03 13:12:00,305.82,0.0,305.82,支付宝,P0013,节日促销13,
O001548,S010,重庆解放碑店,,,2024-01-12 19:37:00,103.34,0.0,103.34,微信支付,,,
O001549,S003,广州天河店,,,2024-06-10 14:55:00,490.0,0.0,490.0,会员余额,,,
O001550,S003,广州天河店,M00185,李四185,2024-01-17 12:32:00,489.02,0.0,489.02,现金,P0007,周末特惠7,
O001551,S009,南京新街口店,M00144,陈二十六144,2024-04-05 18:44:00,456.96,0.0,456.96,会员余额,P0013,节日促销13,
O001552,S006,成都春熙店,M00140,何十九140,2024-01-10 13:14:00,92.73,0.0,92.73,支付宝,,,
O001553,S005,杭州西湖店,M00038,马二十一38,2024-04-06 19:10:00,312.86,0.0,312.86,会员余额,,,
O001554,S003,广州天河店,,,2024-03-31 13:37:00,326.52,0.0,326.52,银行卡,,,
O001555,S010,重庆解放碑店,M00004,周九4,2024-04-14 15:51:00,29.6,0.0,29.6,微信支付,,,
O001556,S001,北京王府井店,M00062,张三62,2024-03-08 20:04:00,689.1,0.0,689.1,微信支付,,,
O001557,S007,武汉江汉店,,,2024-01-31 11:23:00,370.33,0.0,370.33,现金,,,
O001558,S005,杭州西湖店,M00166,林十八166,2024-03-18 21:52:00,281.28,38.0,243.28,会员余额,P0010,节日促销10,
O001559,S006,成都春熙店,M00198,马二十一198,2024-05-19 14:00:00,345.26,0.0,345.26,支付宝,,,
O001560,S008,西安雁塔店,M00012,张二十三12,2024-06-16 18:48:00,262.72,28.9,233.82,支付宝,P0011,夏日清凉11,
O001561,S003,广州天河店,M00024,钱七24,2024-02-29 18:37:00,461.97,0.0,461.97,微信支付,P0014,新店开业优惠14,
O001562,S006,成都春熙店,M00153,高二十153,2024-04-22 17:54:00,362.91,0.0,362.91,支付宝,,,
O001563,S002,上海南京路店,M00005,周九5,2024-02-27 16:27:00,484.4,0.0,484.4,微信支付,,,
O001564,S006,成都春熙店,M00102,何十九102,2024-02-05 12:21:00,440.82,48.49,392.33,会员余额,P0011,夏日清凉11,
O001565,S006,成都春熙店,,,2024-04-08 13:30:00,331.6,0.0,331.6,微信支付,,,
O001566,S003,广州天河店,,,2024-06-21 18:11:00,122.34,0.0,122.34,银行卡,P0007,周末特惠7,
O001567,S010,重庆解放碑店,,,2024-03-13 13:14:00,371.34,0.0,371.34,支付宝,,,
O001568,S001,北京王府井店,,,2024-03-24 16:25:00,351.59,0.0,351.59,支付宝,,,
O001569,S007,武汉江汉店,M00061,王五61,2024-02-03 13:19:00,464.06,38.0,426.06,微信支付,P0010,节日促销10,
O001570,S003,广州天河店,M00134,陈二十六134,2024-05-08 21:43:00,141.87,0.0,141.87,会员余额,,,
O001571,S005,杭州西湖店,M00098,林十八98,2024-03-04 18:21:00,399.92,0.0,399.92,支付宝,P0014,新店开业优惠14,
O001572,S006,成都春熙店,M00196,张三196,2024-06-14 17:22:00,259.11,38.0,221.11,微信支付,P0010,节日促销10,
O001573,S002,上海南京路店,M00058,王二十四58,2024-02-15 19:46:00,450.65,0.0,450.65,微信支付,,,
O001574,S006,成都春熙店,M00021,李二十二21,2024-02-10 14:56:00,71.73,0.0,71.73,支付宝,,,
O001575,S008,西安雁塔店,M00116,陈二十六116,2024-05-06 16:48:00,52.56,0.0,52.56,支付宝,P0013,节日促销13,
O001576,S007,武汉江汉店,,,2024-04-14 17:10:00,453.37,0.0,453.37,银行卡,,,
O001577,S002,上海南京路店,M00142,陈十三142,2024-04-07 15:47:00,67.6,0.0,67.6,微信支付,,,
O001578,S010,重庆解放碑店,M00149,王五149,2024-02-04 15:42:00,81.48,0.0,81.48,会员余额,,,
O001579,S007,武汉江汉店,,,2024-03-03 21:28:00,91.73,10.09,81.64,会员余额,P0011,夏日清凉11,
O001580,S001,北京王府井店,,,2024-01-26 12:18:00,111.27,0.0,111.27,微信支付,P0007,周末特惠7,
O001581,S005,杭州西湖店,M00025,张三25,2024-06-22 14:09:00,514.2,0.0,514.2,会员余额,,,
O001582,S002,上海南京路店,M00093,郑十一93,2024-05-13 20:42:00,440.01,38.0,402.01,微信支付,P0010,节日促销10,
O001583,S002,上海南京路店,,,2024-01-13 16:49:00,60.89,0.0,60.89,微信支付,,,
O001584,S001,北京王府井店,M00133,李四133,2024-04-17 10:00:00,502.41,0.0,502.41,微信支付,,,
O001585,S001,北京王府井店,M00159,朱十七159,2024-04-16 18:06:00,589.04,0.0,589.04,微信支付,,,
O001586,S007,武汉江汉店,M00003,张二十三3,2024-02-24 11:22:00,316.01,0.0,316.01,微信支付,,,
O001587,S006,成都春熙店,M00004,周九4,2024-06-17 14:41:00,61.26,0.0,61.26,支付宝,,,
O001588,S010,重庆解放碑店,M00193,张三193,2024-01-27 21:34:00,327.51,0.0,327.51,银行卡,P0014,新店开业优惠14,
O001589,S001,北京王府井店,M00135,周九135,2024-06-22 21:08:00,493.41,0.0,493.41,会员余额,P0014,新店开业优惠14,
O001590,S006,成都春熙店,M00035,郑十一35,2024-04-24 16:32:00,358.85,0.0,358.85,支付宝,,,
O001591,S009,南京新街口店,M00150,朱十七150,2024-03-01 21:27:00,36.96,0.0,36.96,支付宝,P0007,周末特惠7,
O001592,S008,西安雁塔店,M00080,朱十七80,2024-03-16 13:09:00,185.07,38.0,147.07,会员余额,P0010,节日促销10,
O001593,S007,武汉江汉店,M00118,黄十六118,2024-03-25 12:17:00,125.43,0.0,125.43,会员余额,P0014,新店开业优惠14,
O001594,S007,武汉江汉店,M00097,李二十二97,2024-03-14 10:14:00,213.77,0.0,213.77,会员余额,,,
O001595,S007,武汉江汉店,M00020,陈二十六20,2024-03-04 20:44:00,365.14,40.17,324.97,微信支付,P0011,夏日清凉11,
O001596,S001,北京王府井店,,,2024-05-05 11:12:00,65.72,0.0,65.72,支付宝,P0007,周末特惠7,
O001597,S001,北京王府井店,M00016,张二十三16,2024-05-31 18:53:00,495.02,0.0,495.02,会员余额,,,
O001598,S010,重庆解放碑店,,,2024-02-20 13:27:00,314.07,0.0,314.07,支付宝,,,
O001599,S010,重庆解放碑店,M00106,吴十106,2024-03-10 17:05:00,244.2,0.0,244.2,会员余额,,,
O001600,S010,重庆解放碑店,M00005,周九5,2024-04-20 12:52:00,342.7,0.0,342.7,会员余额,,,
O001601,S001,北京王府井店,,,2024-02-09 18:46:00,256.76,0.0,256.76,会员余额,,,
O001602,S004,深圳南山店,M00171,陈二十六171,2024-06-04 17:04:00,96.38,38.0,58.38,微信支付,P0010,节日促销10,
O001603,S002,上海南京路店,M00141,马二十一141,2024-05-08 21:46:00,406.34,0.0,406.34,银行卡,,,
O001604,S009,南京新街口店,,,2024-03-19 20:37:00,58.72,0.0,58.72,会员余额,P0014,新店开业优惠14,
O001605,S004,深圳南山店,M00184,郑十一184,2024-02-11 13:48:00,852.92,0.0,852.92,现金,,,
O001606,S006,成都春熙店,M00146,杨十五146,2024-06-27 10:41:00,165.29,0.0,165.29,微信支付,,,
O001607,S009,南京新街口店,M00066,陈十三66,2024-04-02 20:45:00,543.94,59.83,484.11,微信支付,P0011,夏日清凉11,
O001608,S007,武汉江汉店,M00076,赵六76,2024-06-03 19:42:00,116.34,0.0,116.34,银行卡,,,
O001609,S008,西安雁塔店,M00081,高二十81,2024-04-11 21:37:00,71.62,0.0,71.62,银行卡,,,
O001610,S003,广州天河店,M00016,张二十三16,2024-03-05 21:19:00,392.97,0.0,392.97,微信支付,,,
O001611,S003,广州天河店,M00119,马二十一119,2024-06-11 19:49:00,251.55,0.0,251.55,会员余额,P0013,节日促销13,
O001612,S006,成都春熙店,M00006,孙八6,2024-03-19 10:10:00,24.78,0.0,24.78,银行卡,,,
O001613,S009,南京新街口店,,,2024-05-14 16:41:00,169.93,0.0,169.93,支付宝,,,
O001614,S004,深圳南山店,M00180,张三180,2024-02-20 17:11:00,382.71,0.0,382.71,微信支付,,,
O001615,S006,成都春熙店,M00151,马二十一151,2024-03-07 16:28:00,315.75,0.0,315.75,微信支付,P0007,周末特惠7,
O001616,S009,南京新街口店,,,2024-03-28 10:37:00,31.45,0.0,31.45,微信支付,,,
O001617,S006,成都春熙店,M00018,李二十二18,2024-03-09 10:42:00,78.11,8.59,69.52,会员余额,P0011,夏日清凉11,
O001618,S010,重庆解放碑店,M00025,张三25,2024-01-02 16:38:00,227.46,0.0,227.46,支付宝,P0014,新店开业优惠14,
O001619,S008,西安雁塔店,M00033,李二十二33,2024-03-27 15:43:00,293.63,0.0,293.63,支付宝,P0013,节日促销13,
O001620,S007,武汉江汉店,M00011,郑十一11,2024-06-05 10:22:00,153.78,0.0,153.78,会员余额,P0007,周末特惠7,
O001621,S010,重庆解放碑店,,,2024-02-05 10:38:00,852.98,0.0,852.98,银行卡,,,
O001622,S008,西安雁塔店,,,2024-05-11 16:42:00,182.42,0.0,182.42,微信支付,P0014,新店开业优惠14,
O001623,S003,广州天河店,,,2024-03-24 20:28:00,330.75,0.0,330.75,微信支付,,,
O001624,S009,南京新街口店,,,2024-04-08 14:38:00,556.05,0.0,556.05,银行卡,,,
O001625,S004,深圳南山店,M00077,林十八77,2024-01-23 14:53:00,371.22,0.0,371.22,会员余额,,,
O001626,S010,重庆解放碑店,,,2024-03-02 13:13:00,327.09,38.0,289.09,现金,P0010,节日促销10,
O001627,S009,南京新街口店,M00063,李四63,2024-04-08 14:14:00,628.22,0.0,628.22,银行卡,P0013,节日促销13,
O001628,S001,北京王府井店,M00075,黄十六75,2024-01-24 21:21:00,581.2,38.0,543.2,会员余额,P0010,节日促销10,
O001629,S004,深圳南山店,M00001,王五1,2024-06-13 18:54:00,253.38,0.0,253.38,微信支付,,,
O001630,S003,广州天河店,M00020,陈二十六20,2024-03-28 21:37:00,41.13,0.0,41.13,微信支付,P0014,新店开业优惠14,
O001631,S005,杭州西湖店,M00004,周九4,2024-03-21 16:36:00,259.51,0.0,259.51,会员余额,,,
O001632,S007,武汉江汉店,M00017,李二十二17,2024-02-02 18:42:00,270.66,0.0,270.66,支付宝,,,
O001633,S006,成都春熙店,M00045,张二十三45,2024-02-26 17:43:00,225.24,38.0,187.24,会员余额,P0010,节日促销10,
O001634,S006,成都春熙店,M00028,张二十三28,2024-03-22 14:32:00,686.81,0.0,686.81,银行卡,,,
O001635,S010,重庆解放碑店,M00180,张三180,2024-01-16 15:09:00,501.62,0.0,501.62,支付宝,,,
O001636,S001,北京王府井店,M00035,郑十一35,2024-06-17 12:01:00,339.89,0.0,339.89,支付宝,,,
O001637,S001,北京王府井店,M00104,郑十一104,2024-06-27 13:44:00,231.54,0.0,231.54,微信支付,,,
O001638,S009,南京新街口店,,,2024-03-18 17:41:00,563.73,0.0,563.73,支付宝,,,
O001639,S004,深圳南山店,M00085,朱十七85,2024-06-15 10:23:00,624.87,0.0,624.87,支付宝,,,
O001640,S007,武汉江汉店,,,2024-05-01 12:03:00,337.53,0.0,337.53,银行卡,,,
O001641,S007,武汉江汉店,,,2024-03-03 10:07:00,761.28,0.0,761.28,微信支付,,,
O001642,S002,上海南京路店,,,2024-04-28 20:24:00,136.55,0.0,136.55,微信支付,P0013,节日促销13,
O001643,S008,西安雁塔店,M00083,吴十83,2024-02-01 17:41:00,90.72,0.0,90.72,会员余额,,,
O001644,S010,重庆解放碑店,M00146,杨十五146,2024-05-02 14:44:00,217.72,38.0,179.72,银行卡,P0010,节日促销10,
O001645,S003,广州天河店,,,2024-03-17 19:08:00,508.42,0.0,508.42,会员余额,,,
O001646,S001,北京王府井店,,,2024-05-17 18:31:00,476.82,38.0,438.82,微信支付,P0010,节日促销10,
O001647,S001,北京王府井店,,,2024-02-16 19:44:00,163.87,0.0,163.87,会员余额,,,
O001648,S007,武汉江汉店,,,2024-02-22 20:10:00,38.78,0.0,38.78,微信支付,,,
O001649,S002,上海南京路店,M00002,刘十四2,2024-05-09 14:23:00,539.76,0.0,539.76,支付宝,,,
O001650,S004,深圳南山店,M00052,吴十52,2024-02-05 19:31:00,267.6,0.0,267.6,会员余额,,,
O001651,S003,广州天河店,,,2024-01-26 20:52:00,79.08,0.0,79.08,支付宝,,,
O001652,S008,西安雁塔店,M00168,林十八168,2024-06-03 18:13:00,503.74,0.0,503.74,会员余额,,,
O001653,S007,武汉江汉店,,,2024-02-11 16:29:00,260.05,0.0,260.05,微信支付,,,
O001654,S004,深圳南山店,M00032,郑十一32,2024-06-10 21:17:00,183.42,0.0,183.42,会员余额,P0007,周末特惠7,
O001655,S006,成都春熙店,,,2024-06-14 18:38:00,239.4,0.0,239.4,会员余额,P0013,节日促销13,
O001656,S003,广州天河店,,,2024-03-04 11:17:00,279.29,0.0,279.29,现金,,,
O001657,S007,武汉江汉店,M00160,黄十六160,2024-03-26 14:09:00,13.71,0.0,13.71,微信支付,,,
O001658,S006,成都春熙店,M00085,朱十七85,2024-04-06 11:50:00,642.68,0.0,642.68,支付宝,,,
O001659,S007,武汉江汉店,,,2024-05-21 14:38:00,241.91,0.0,241.91,会员余额,,,
O001660,S003,广州天河店,M00160,黄十六160,2024-05-21 19:56:00,182.99,0.0,182.99,会员余额,,,
O001661,S003,广州天河店,,,2024-02-09 20:08:00,346.61,0.0,346.61,现金,,,
O001662,S002,上海南京路店,M00145,吴十145,2024-03-04 20:38:00,480.62,0.0,480.62,支付宝,,,
O001663,S001,北京王府井店,M00120,王十二120,2024-05-13 21:56:00,485.37,0.0,485.37,微信支付,,,
O001664,S009,南京新街口店,M00191,李二十二191,2024-03-02 11:10:00,301.31,0.0,301.31,会员余额,,,
O001665,S004,深圳南山店,M00090,吴十90,2024-05-10 21:08:00,510.36,0.0,510.36,会员余额,,,
O001666,S007,武汉江汉店,M00088,刘二十五88,2024-01-02 21:27:00,281.28,38.0,243.28,会员余额,P0010,节日促销10,
O001667,S003,广州天河店,M00021,李二十二21,2024-06-24 19:02:00,317.3,0.0,317.3,会员余额,P0013,节日促销13,
O001668,S006,成都春熙店,M00135,周九135,2024-03-31 10:27:00,47.82,0.0,47.82,会员余额,,,
O001669,S006,成都春熙店,M00133,李四133,2024-01-31 14:19:00,116.34,0.0,116.34,支付宝,,,
O001670,S007,武汉江汉店,M00004,周九4,2024-02-25 14:59:00,173.64,0.0,173.64,支付宝,P0007,周末特惠7,
O001671,S008,西安雁塔店,M00179,王五179,2024-01-15 15:00:00,133.57,0.0,133.57,支付宝,,,
O001672,S003,广州天河店,M00195,李四195,2024-03-31 10:06:00,374.61,0.0,374.61,微信支付,,,
O001673,S003,广州天河店,M00078,刘十四78,2024-06-17 14:14:00,178.48,0.0,178.48,微信支付,,,
O001674,S002,上海南京路店,M00194,孙八194,2024-04-22 20:53:00,459.82,0.0,459.82,支付宝,,,
O001675,S001,北京王府井店,M00171,陈二十六171,2024-01-11 12:25:00,52.56,0.0,52.56,支付宝,,,
O001676,S006,成都春熙店,M00094,刘二十五94,2024-06-19 14:07:00,757.87,0.0,757.87,微信支付,,,
O001677,S006,成都春熙店,,,2024-01-29 11:50:00,553.34,0.0,553.34,现金,,,
O001678,S008,西安雁塔店,,,2024-04-19 19:47:00,154.98,0.0,154.98,支付宝,,,
O001679,S008,西安雁塔店,M00156,朱十七156,2024-06-07 12:46:00,77.56,0.0,77.56,支付宝,,,
O001680,S009,南京新街口店,M00005,周九5,2024-06-19 16:12:00,260.46,0.0,260.46,会员余额,P0014,新店开业优惠14,
O001681,S002,上海南京路店,M00011,郑十一11,2024-06-05 12:12:00,287.38,0.0,287.38,微信支付,,,
O001682,S006,成都春熙店,M00144,陈二十六144,2024-02-07 16:01:00,35.98,0.0,35.98,会员余额,,,
O001683,S004,深圳南山店,M00111,陈十三111,2024-03-19 21:40:00,371.25,0.0,371.25,支付宝,,,
O001684,S008,西安雁塔店,,,2024-01-29 14:23:00,238.97,0.0,238.97,微信支付,,,
O001685,S003,广州天河店,M00081,高二十81,2024-01-01 10:42:00,360.12,0.0,360.12,支付宝,,,
O001686,S010,重庆解放碑店,M00156,朱十七156,2024-03-05 17:23:00,402.85,0.0,402.85,现金,,,
O001687,S005,杭州西湖店,M00093,郑十一93,2024-05-30 18:38:00,178.64,19.65,158.99,微信支付,P0011,夏日清凉11,
O001688,S010,重庆解放碑店,M00029,孙八29,2024-02-03 20:47:00,392.09,0.0,392.09,会员余额,,,
O001689,S003,广州天河店,M00086,何十九86,2024-03-28 14:46:00,291.06,0.0,291.06,会员余额,P0007,周末特惠7,
O001690,S006,成都春熙店,M00141,马二十一141,2024-03-05 18:22:00,669.16,0.0,669.16,会员余额,,,
O001691,S003,广州天河店,,,2024-01-06 12:38:00,264.8,29.13,235.67,支付宝,P0011,夏日清凉11,
O001692,S001,北京王府井店,M00127,刘十四127,2024-04-11 17:43:00,68.07,0.0,68.07,银行卡,,,
O001693,S001,北京王府井店,M00051,吴十51,2024-05-10 16:35:00,168.64,0.0,168.64,支付宝,,,
O001694,S008,西安雁塔店,M00073,赵六73,2024-05-26 13:37:00,586.31,0.0,586.31,支付宝,P0007,周末特惠7,
O001695,S006,成都春熙店,,,2024-02-26 14:45:00,161.81,0.0,161.81,支付宝,,,
O001696,S010,重庆解放碑店,,,2024-03-15 10:40:00,185.53,38.0,147.53,支付宝,P0010,节日促销10,
O001697,S007,武汉江汉店,,,2024-02-23 18:07:00,699.45,0.0,699.45,现金,,,
O001698,S006,成都春熙店,M00130,李四130,2024-02-04 16:57:00,70.14,0.0,70.14,支付宝,,,
O001699,S006,成都春熙店,,,2024-02-26 21:17:00,608.7,0.0,608.7,银行卡,P0014,新店开业优惠14,
O001700,S006,成都春熙店,M00033,李二十二33,2024-06-16 14:55:00,64.0,0.0,64.0,支付宝,P0010,节日促销10,
O001701,S004,深圳南山店,M00016,张二十三16,2024-02-22 19:40:00,210.6,0.0,210.6,支付宝,P0014,新店开业优惠14,
O001702,S009,南京新街口店,M00125,周九125,2024-02-07 17:05:00,64.87,0.0,64.87,银行卡,,,
O001703,S007,武汉江汉店,,,2024-02-16 20:18:00,52.2,0.0,52.2,会员余额,,,
O001704,S003,广州天河店,,,2024-02-18 11:09:00,682.7,0.0,682.7,微信支付,,,
O001705,S005,杭州西湖店,M00170,林十八170,2024-06-03 11:24:00,116.34,0.0,116.34,微信支付,,,
O001706,S001,北京王府井店,,,2024-02-03 13:49:00,594.61,0.0,594.61,现金,,,
O001707,S010,重庆解放碑店,M00053,郑十一53,2024-01-22 13:08:00,352.97,0.0,352.97,微信支付,,,
O001708,S003,广州天河店,,,2024-01-15 18:44:00,8.26,0.0,8.26,微信支付,,,
O001709,S003,广州天河店,M00084,孙八84,2024-05-19 14:06:00,74.24,8.17,66.07,微信支付,P0011,夏日清凉11,
O001710,S001,北京王府井店,M00002,刘十四2,2024-04-19 16:09:00,569.72,0.0,569.72,微信支付,,,
O001711,S008,西安雁塔店,,,2024-01-27 14:22:00,239.39,0.0,239.39,支付宝,,,
O001712,S008,西安雁塔店,M00131,陈十三131,2024-02-15 16:33:00,325.22,0.0,325.22,支付宝,,,
O001713,S005,杭州西湖店,M00026,陈十三26,2024-03-30 11:17:00,224.43,0.0,224.43,会员余额,P0007,周末特惠7,
O001714,S009,南京新街口店,M00193,张三193,2024-02-07 15:09:00,352.13,0.0,352.13,现金,P0013,节日促销13,
O001715,S006,成都春熙店,M00120,王十二120,2024-02-07 11:20:00,260.58,0.0,260.58,会员余额,,,
O001716,S005,杭州西湖店,M00146,杨十五146,2024-04-15 19:50:00,604.46,0.0,604.46,会员余额,,,
O001717,S009,南京新街口店,M00138,孙八138,2024-05-06 18:34:00,575.73,0.0,575.73,会员余额,,,
O001718,S006,成都春熙店,,,2024-01-23 13:23:00,97.22,38.0,59.22,会员余额,P0010,节日促销10,
O001719,S005,杭州西湖店,,,2024-05-01 12:58:00,131.05,0.0,131.05,支付宝,P0014,新店开业优惠14,
O001720,S002,上海南京路店,,,2024-05-21 16:15:00,387.16,0.0,387.16,微信支付,,,
O001721,S007,武汉江汉店,,,2024-06-27 16:23:00,294.7,0.0,294.7,支付宝,,,
O001722,S004,深圳南山店,,,2024-04-03 12:05:00,381.97,0.0,381.97,支付宝,,,
O001723,S005,杭州西湖店,M00060,黄十六60,2024-05-15 21:19:00,497.37,54.71,442.66,微信支付,P0011,夏日清凉11,
O001724,S005,杭州西湖店,M00104,郑十一104,2024-01-16 20:02:00,160.74,0.0,160.74,银行卡,,,
O001725,S008,西安雁塔店,M00019,马二十一19,2024-06-23 17:35:00,587.08,0.0,587.08,支付宝,,,
O001726,S008,西安雁塔店,M00109,周九109,2024-01-24 18:24:00,176.48,0.0,176.48,微信支付,,,
O001727,S001,北京王府井店,M00072,王二十四72,2024-02-26 16:11:00,407.32,38.0,369.32,支付宝,P0010,节日促销10,
O001728,S002,上海南京路店,M00194,孙八194,2024-02-12 10:51:00,156.08,0.0,156.08,会员余额,,,
O001729,S005,杭州西湖店,,,2024-03-26 10:15:00,29.36,0.0,29.36,会员余额,,,
O001730,S006,成都春熙店,M00111,陈十三111,2024-01-03 14:12:00,71.37,0.0,71.37,微信支付,P0010,节日促销10,
O001731,S001,北京王府井店,M00149,王五149,2024-05-25 19:02:00,38.78,4.27,34.51,微信支付,P0011,夏日清凉11,
O001732,S003,广州天河店,M00125,周九125,2024-03-20 10:22:00,358.43,0.0,358.43,支付宝,P0014,新店开业优惠14,
O001733,S001,北京王府井店,M00042,陈二十六42,2024-06-28 20:06:00,490.61,0.0,490.61,银行卡,P0007,周末特惠7,
O001734,S002,上海南京路店,M00076,赵六76,2024-05-02 19:55:00,182.46,0.0,182.46,微信支付,,,
O001735,S006,成都春熙店,,,2024-06-09 11:45:00,581.66,0.0,581.66,会员余额,,,
O001736,S002,上海南京路店,M00177,李四177,2024-06-15 18:59:00,207.48,0.0,207.48,会员余额,,,
O001737,S004,深圳南山店,M00137,吴十137,2024-04-20 10:57:00,244.35,38.0,206.35,微信支付,P0010,节日促销10,
O001738,S001,北京王府井店,M00171,陈二十六171,2024-02-09 19:40:00,16.92,0.0,16.92,会员余额,,,
O001739,S010,重庆解放碑店,M00122,郑十一122,2024-01-23 17:06:00,83.12,0.0,83.12,支付宝,,,
O001740,S005,杭州西湖店,,,2024-03-31 11:04:00,341.7,0.0,341.7,支付宝,P0007,周末特惠7,
O001741,S004,深圳南山店,,,2024-02-01 19:31:00,301.16,0.0,301.16,银行卡,P0007,周末特惠7,
O001742,S006,成都春熙店,M00135,周九135,2024-04-03 18:54:00,214.11,0.0,214.11,会员余额,,,
O001743,S010,重庆解放碑店,M00199,陈十三199,2024-04-25 14:56:00,368.53,40.54,327.99,会员余额,P0011,夏日清凉11,
O001744,S010,重庆解放碑店,,,2024-01-03 12:54:00,391.25,0.0,391.25,微信支付,,,
O001745,S007,武汉江汉店,M00096,杨十五96,2024-03-30 17:29:00,306.12,38.0,268.12,微信支付,P0010,节日促销10,
O001746,S005,杭州西湖店,M00006,孙八6,2024-04-11 16:12:00,335.77,0.0,335.77,银行卡,,,
O001747,S007,武汉江汉店,,,2024-01-30 14:29:00,368.73,0.0,368.73,会员余额,,,
O001748,S007,武汉江汉店,M00088,刘二十五88,2024-01-09 19:49:00,133.99,0.0,133.99,微信支付,P0013,节日促销13,
O001749,S003,广州天河店,M00182,张三182,2024-02-24 10:48:00,318.81,0.0,318.81,支付宝,,,
O001750,S006,成都春熙店,,,2024-04-25 16:33:00,43.24,4.76,38.48,银行卡,P0011,夏日清凉11,
O001751,S005,杭州西湖店,,,2024-03-28 14:10:00,425.09,0.0,425.09,银行卡,P0014,新店开业优惠14,
O001752,S008,西安雁塔店,M00049,刘二十五49,2024-03-31 21:36:00,598.57,0.0,598.57,会员余额,,,
O001753,S003,广州天河店,M00196,张三196,2024-02-07 15:42:00,403.97,38.0,365.97,支付宝,P0010,节日促销10,
O001754,S001,北京王府井店,M00059,李四59,2024-03-22 11:50:00,486.97,0.0,486.97,银行卡,,,
O001755,S001,北京王府井店,,,2024-06-12 19:06:00,100.33,0.0,100.33,会员余额,P0014,新店开业优惠14,
O001756,S001,北京王府井店,,,2024-02-12 19:24:00,207.48,0.0,207.48,微信支付,,,
O001757,S009,南京新街口店,M00194,孙八194,2024-04-04 15:01:00,260.46,0.0,260.46,会员余额,,,
O001758,S009,南京新街口店,M00011,郑十一11,2024-04-26 16:26:00,401.57,38.0,363.57,支付宝,P0010,节日促销10,
O001759,S003,广州天河店,M00176,高二十176,2024-04-05 12:35:00,279.26,0.0,279.26,会员余额,,,
O001760,S002,上海南京路店,M00010,周九10,2024-03-13 21:39:00,66.33,0.0,66.33,微信支付,P0013,节日促销13,
O001761,S006,成都春熙店,M00069,李二十二69,2024-01-23 20:01:00,489.2,0.0,489.2,会员余额,,,
O001762,S004,深圳南山店,,,2024-05-28 10:42:00,260.94,0.0,260.94,银行卡,,,
O001763,S004,深圳南山店,M00106,吴十106,2024-01-30 13:54:00,476.68,0.0,476.68,微信支付,,,
O001764,S010,重庆解放碑店,,,2024-04-05 13:32:00,240.26,38.0,202.26,支付宝,P0010,节日促销10,
O001765,S004,深圳南山店,,,2024-01-02 16:02:00,506.46,0.0,506.46,现金,,,
O001766,S008,西安雁塔店,M00062,张三62,2024-03-26 12:36:00,386.23,0.0,386.23,会员余额,,,
O001767,S005,杭州西湖店,M00047,周九47,2024-04-19 12:40:00,306.42,0.0,306.42,微信支付,P0007,周末特惠7,
O001768,S006,成都春熙店,M00159,朱十七159,2024-02-02 18:07:00,377.86,41.56,336.3,微信支付,P0011,夏日清凉11,
O001769,S003,广州天河店,M00058,王二十四58,2024-04-21 10:40:00,550.62,0.0,550.62,会员余额,,,
O001770,S005,杭州西湖店,M00136,朱十七136,2024-02-03 17:40:00,213.58,0.0,213.58,微信支付,,,
O001771,S007,武汉江汉店,M00125,周九125,2024-05-17 13:46:00,256.93,28.26,228.67,微信支付,P0011,夏日清凉11,
O001772,S009,南京新街口店,M00185,李四185,2024-02-06 20:01:00,31.45,0.0,31.45,银行卡,,,
O001773,S008,西安雁塔店,,,2024-06-01 11:06:00,85.57,0.0,85.57,银行卡,,,
O001774,S001,北京王府井店,,,2024-04-02 13:25:00,376.33,0.0,376.33,支付宝,P0013,节日促销13,
O001775,S009,南京新街口店,M00121,王十二121,2024-06-24 16:24:00,254.53,0.0,254.53,会员余额,P0014,新店开业优惠14,
O001776,S004,深圳南山店,M00044,李四44,2024-05-25 20:38:00,436.76,0.0,436.76,会员余额,,,
O001777,S008,西安雁塔店,M00011,郑十一11,2024-01-02 12:33:00,79.55,8.75,70.8,微信支付,P0011,夏日清凉11,
O001778,S003,广州天河店,,,2024-05-12 18:48:00,47.94,0.0,47.94,微信支付,P0013,节日促销13,
O001779,S001,北京王府井店,,,2024-03-24 12:14:00,160.98,0.0,160.98,银行卡,P0014,新店开业优惠14,
O001780,S005,杭州西湖店,M00189,张二十三189,2024-02-21 11:22:00,567.09,38.0,529.09,微信支付,P0010,节日促销10,
O001781,S007,武汉江汉店,M00110,刘十四110,2024-03-05 12:12:00,302.85,38.0,264.85,支付宝,P0010,节日促销10,
O001782,S005,杭州西湖店,M00066,陈十三66,2024-02-12 13:46:00,483.5,0.0,483.5,微信支付,P0007,周末特惠7,
O001783,S003,广州天河店,,,2024-06-04 16:27:00,357.21,0.0,357.21,会员余额,,,
O001784,S006,成都春熙店,M00048,林十八48,2024-04-14 14:38:00,236.66,38.0,198.66,支付宝,P0010,节日促销10,
O001785,S001,北京王府井店,,,2024-02-17 15:15:00,100.71,0.0,100.71,微信支付,P0013,节日促销13,
O001786,S002,上海南京路店,M00119,马二十一119,2024-03-22 21:00:00,507.48,0.0,507.48,会员余额,,,
O001787,S009,南京新街口店,,,2024-02-24 18:13:00,422.1,0.0,422.1,银行卡,,,
O001788,S008,西安雁塔店,,,2024-03-22 15:12:00,387.7,0.0,387.7,微信支付,P0007,周末特惠7,
O001789,S010,重庆解放碑店,M00097,李二十二97,2024-04-25 12:38:00,274.52,0.0,274.52,支付宝,,,
O001790,S006,成都春熙店,M00126,何十九126,2024-03-13 12:53:00,679.49,0.0,679.49,微信支付,,,
O001791,S003,广州天河店,M00081,高二十81,2024-04-30 11:53:00,182.12,20.03,162.09,微信支付,P0011,夏日清凉11,
O001792,S010,重庆解放碑店,M00123,朱十七123,2024-05-22 15:31:00,413.55,0.0,413.55,微信支付,,,
O001793,S002,上海南京路店,M00194,孙八194,2024-01-08 13:03:00,279.06,0.0,279.06,微信支付,,,
O001794,S009,南京新街口店,M00005,周九5,2024-01-23 13:46:00,463.27,0.0,463.27,微信支付,,,
O001795,S010,重庆解放碑店,,,2024-01-13 14:04:00,284.66,0.0,284.66,会员余额,P0013,节日促销13,
O001796,S007,武汉江汉店,M00085,朱十七85,2024-04-27 11:08:00,644.4,0.0,644.4,会员余额,,,
O001797,S002,上海南京路店,M00079,朱十七79,2024-03-02 19:30:00,113.0,12.43,100.57,支付宝,P0011,夏日清凉11,
O001798,S006,成都春熙店,M00090,吴十90,2024-03-16 21:05:00,240.63,0.0,240.63,会员余额,P0013,节日促销13,
O001799,S009,南京新街口店,,,2024-01-20 11:31:00,167.56,0.0,167.56,支付宝,,,
O001800,S009,南京新街口店,,,2024-05-04 11:21:00,640.82,0.0,640.82,支付宝,,,
O001801,S007,武汉江汉店,,,2024-05-09 11:58:00,358.78,0.0,358.78,银行卡,P0013,节日促销13,
O001802,S003,广州天河店,M00173,张二十三173,2024-02-18 11:17:00,209.06,0.0,209.06,微信支付,P0014,新店开业优惠14,
O001803,S009,南京新街口店,,,2024-01-05 17:11:00,472.15,0.0,472.15,微信支付,,,
O001804,S001,北京王府井店,,,2024-03-31 16:13:00,289.77,0.0,289.77,微信支付,,,
O001805,S010,重庆解放碑店,M00023,朱十七23,2024-01-13 20:24:00,146.64,0.0,146.64,支付宝,,,
O001806,S003,广州天河店,M00184,郑十一184,2024-05-15 19:31:00,71.73,0.0,71.73,支付宝,,,
O001807,S006,成都春熙店,,,2024-01-29 13:07:00,356.39,0.0,356.39,微信支付,,,
O001808,S010,重庆解放碑店,M00105,孙八105,2024-03-11 13:56:00,302.76,0.0,302.76,支付宝,P0014,新店开业优惠14,
O001809,S003,广州天河店,,,2024-02-22 12:50:00,618.2,0.0,618.2,会员余额,P0014,新店开业优惠14,
O001810,S001,北京王府井店,M00097,李二十二97,2024-06-28 19:30:00,576.77,63.44,513.33,支付宝,P0011,夏日清凉11,
O001811,S009,南京新街口店,M00175,王五175,2024-04-26 12:00:00,29.36,0.0,29.36,微信支付,,,
O001812,S009,南京新街口店,M00031,赵六31,2024-02-13 20:48:00,267.1,0.0,267.1,银行卡,,,
O001813,S003,广州天河店,,,2024-01-29 10:52:00,290.05,38.0,252.05,支付宝,P0010,节日促销10,
O001814,S004,深圳南山店,M00127,刘十四127,2024-02-07 11:06:00,587.74,0.0,587.74,现金,P0014,新店开业优惠14,
O001815,S005,杭州西湖店,M00154,张三154,2024-06-18 17:16:00,392.09,0.0,392.09,会员余额,,,
O001816,S004,深圳南山店,,,2024-06-01 17:07:00,314.49,0.0,314.49,现金,,,
O001817,S009,南京新街口店,M00153,高二十153,2024-05-07 10:15:00,213.71,23.51,190.2,支付宝,P0011,夏日清凉11,
O001818,S007,武汉江汉店,M00129,高二十129,2024-06-12 11:17:00,370.55,40.76,329.79,支付宝,P0011,夏日清凉11,
O001819,S008,西安雁塔店,M00112,王二十四112,2024-04-10 19:26:00,225.75,0.0,225.75,会员余额,,,
O001820,S003,广州天河店,M00166,林十八166,2024-03-28 19:07:00,92.72,0.0,92.72,会员余额,,,
O001821,S008,西安雁塔店,,,2024-02-07 17:43:00,433.55,0.0,433.55,现金,P0007,周末特惠7,
O001822,S001,北京王府井店,M00053,郑十一53,2024-01-17 14:00:00,188.04,0.0,188.04,支付宝,,,
O001823,S007,武汉江汉店,,,2024-06-18 10:03:00,292.35,0.0,292.35,支付宝,,,
O001824,S003,广州天河店,,,2024-01-23 21:17:00,215.43,0.0,215.43,微信支付,P0007,周末特惠7,
O001825,S004,深圳南山店,M00003,张二十三3,2024-05-01 15:15:00,324.8,0.0,324.8,会员余额,P0014,新店开业优惠14,
O001826,S006,成都春熙店,M00123,朱十七123,2024-03-20 12:36:00,344.81,0.0,344.81,银行卡,P0013,节日促销13,
O001827,S006,成都春熙店,M00170,林十八170,2024-05-21 13:19:00,301.78,0.0,301.78,支付宝,,,
O001828,S007,武汉江汉店,M00114,陈二十六114,2024-05-14 17:44:00,567.52,0.0,567.52,支付宝,P0007,周末特惠7,
O001829,S001,北京王府井店,M00159,朱十七159,2024-01-08 18:01:00,162.58,0.0,162.58,会员余额,,,
O001830,S003,广州天河店,M00082,高二十82,2024-05-11 15:08:00,265.19,0.0,265.19,会员余额,P0014,新店开业优惠14,
O001831,S003,广州天河店,M00184,郑十一184,2024-01-02 17:51:00,51.15,0.0,51.15,微信支付,,,
O001832,S005,杭州西湖店,M00102,何十九102,2024-03-10 20:06:00,466.14,0.0,466.14,微信支付,,,
O001833,S003,广州天河店,M00106,吴十106,2024-02-01 21:37:00,70.14,7.72,62.42,会员余额,P0011,夏日清凉11,
O001834,S006,成都春熙店,M00169,郑十一169,2024-02-06 18:47:00,625.05,0.0,625.05,支付宝,,,
O001835,S010,重庆解放碑店,,,2024-06-08 21:12:00,224.8,0.0,224.8,微信支付,,,
O001836,S008,西安雁塔店,M00043,黄十六43,2024-05-01 10:53:00,42.02,0.0,42.02,支付宝,,,
O001837,S003,广州天河店,M00120,王十二120,2024-02-17 13:53:00,474.89,0.0,474.89,微信支付,,,
O001838,S003,广州天河店,,,2024-06-11 10:11:00,123.51,0.0,123.51,会员余额,P0013,节日促销13,
O001839,S010,重庆解放碑店,,,2024-02-21 17:30:00,443.04,0.0,443.04,银行卡,P0007,周末特惠7,
O001840,S010,重庆解放碑店,M00055,李二十二55,2024-06-27 11:29:00,77.56,0.0,77.56,微信支付,,,
O001841,S005,杭州西湖店,M00190,孙八190,2024-05-24 16:00:00,573.78,0.0,573.78,银行卡,,,
O001842,S003,广州天河店,M00164,陈二十六164,2024-04-27 14:00:00,536.45,0.0,536.45,会员余额,,,
O001843,S002,上海南京路店,,,2024-01-17 12:41:00,420.65,0.0,420.65,现金,P0014,新店开业优惠14,
O001844,S003,广州天河店,M00002,刘十四2,2024-04-10 11:58:00,495.3,0.0,495.3,会员余额,,,
O001845,S002,上海南京路店,M00019,马二十一19,2024-05-14 14:08:00,545.57,0.0,545.57,微信支付,,,
O001846,S006,成都春熙店,M00096,杨十五96,2024-02-10 13:06:00,316.87,0.0,316.87,支付宝,,,
O001847,S001,北京王府井店,,,2024-04-08 16:59:00,29.6,0.0,29.6,微信支付,P0014,新店开业优惠14,
O001848,S005,杭州西湖店,M00193,张三193,2024-04-23 15:38:00,105.6,0.0,105.6,支付宝,,,
O001849,S005,杭州西湖店,M00109,周九109,2024-02-04 20:36:00,442.84,0.0,442.84,支付宝,,,
O001850,S010,重庆解放碑店,M00038,马二十一38,2024-02-11 16:52:00,87.21,0.0,87.21,微信支付,P0013,节日促销13,
O001851,S010,重庆解放碑店,,,2024-06-10 20:06:00,52.64,0.0,52.64,银行卡,P0010,节日促销10,
O001852,S007,武汉江汉店,,,2024-05-25 18:55:00,622.83,0.0,622.83,会员余额,,,
O001853,S004,深圳南山店,M00032,郑十一32,2024-05-01 18:22:00,163.62,0.0,163.62,会员余额,P0007,周末特惠7,
O001854,S001,北京王府井店,,,2024-04-06 11:36:00,132.62,0.0,132.62,支付宝,P0014,新店开业优惠14,
O001855,S009,南京新街口店,M00034,王十二34,2024-01-14 19:34:00,380.62,0.0,380.62,微信支付,,,
O001856,S001,北京王府井店,M00164,陈二十六164,2024-02-10 14:04:00,404.24,0.0,404.24,微信支付,,,
O001857,S008,西安雁塔店,,,2024-05-19 21:57:00,175.7,0.0,175.7,现金,,,
O001858,S010,重庆解放碑店,M00169,郑十一169,2024-04-17 14:12:00,199.14,38.0,161.14,会员余额,P0010,节日促销10,
O001859,S005,杭州西湖店,,,2024-01-16 13:31:00,400.0,0.0,400.0,会员余额,P0014,新店开业优惠14,
O001860,S006,成都春熙店,M00009,陈十三9,2024-06-05 11:56:00,188.72,20.76,167.96,支付宝,P0011,夏日清凉11,
O001861,S007,武汉江汉店,M00046,黄十六46,2024-05-09 13:41:00,81.39,0.0,81.39,微信支付,,,
O001862,S005,杭州西湖店,M00047,周九47,2024-05-16 19:55:00,146.28,16.09,130.19,微信支付,P0011,夏日清凉11,
O001863,S004,深圳南山店,,,2024-04-09 16:44:00,368.27,0.0,368.27,现金,P0007,周末特惠7,
O001864,S010,重庆解放碑店,M00153,高二十153,2024-03-31 13:21:00,110.51,0.0,110.51,微信支付,,,
O001865,S003,广州天河店,M00132,张二十三132,2024-04-15 21:48:00,335.72,0.0,335.72,微信支付,P0013,节日促销13,
O001866,S005,杭州西湖店,,,2024-02-02 17:11:00,370.28,0.0,370.28,银行卡,,,
O001867,S005,杭州西湖店,M00184,郑十一184,2024-05-02 20:07:00,376.79,0.0,376.79,支付宝,,,
O001868,S002,上海南京路店,M00095,王十二95,2024-04-23 21:19:00,318.45,38.0,280.45,现金,P0010,节日促销10,
O001869,S002,上海南京路店,M00101,何十九101,2024-03-22 21:34:00,443.8,0.0,443.8,微信支付,,,
O001870,S006,成都春熙店,M00058,王二十四58,2024-02-05 18:14:00,124.84,0.0,124.84,微信支付,,,
O001871,S004,深圳南山店,M00200,陈二十六200,2024-03-01 21:28:00,50.33,0.0,50.33,银行卡,,,
O001872,S008,西安雁塔店,M00060,黄十六60,2024-01-09 14:17:00,72.75,0.0,72.75,会员余额,,,
O001873,S004,深圳南山店,M00109,周九109,2024-04-08 17:01:00,26.32,0.0,26.32,支付宝,,,
O001874,S004,深圳南山店,M00045,张二十三45,2024-04-07 12:42:00,238.12,0.0,238.12,会员余额,,,
O001875,S004,深圳南山店,M00191,李二十二191,2024-03-27 14:51:00,35.98,0.0,35.98,支付宝,,,
O001876,S006,成都春熙店,M00044,李四44,2024-04-19 21:59:00,244.44,0.0,244.44,会员余额,,,
O001877,S004,深圳南山店,M00138,孙八138,2024-06-22 14:54:00,606.63,0.0,606.63,微信支付,,,
O001878,S007,武汉江汉店,M00197,张二十三197,2024-04-07 17:47:00,112.6,0.0,112.6,微信支付,,,
O001879,S007,武汉江汉店,M00106,吴十106,2024-03-04 18:18:00,359.03,0.0,359.03,微信支付,,,
O001880,S002,上海南京路店,M00136,朱十七136,2024-02-01 14:36:00,173.44,0.0,173.44,支付宝,P0007,周末特惠7,
O001881,S006,成都春熙店,M00126,何十九126,2024-01-03 17:02:00,371.63,0.0,371.63,现金,,,
O001882,S009,南京新街口店,M00080,朱十七80,2024-06-05 18:20:00,370.88,0.0,370.88,支付宝,,,
O001883,S006,成都春熙店,,,2024-02-28 20:11:00,48.76,0.0,48.76,微信支付,P0013,节日促销13,
O001884,S003,广州天河店,M00154,张三154,2024-06-16 10:11:00,550.94,0.0,550.94,会员余额,P0007,周末特惠7,
O001885,S005,杭州西湖店,M00025,张三25,2024-03-07 14:01:00,507.16,38.0,469.16,微信支付,P0010,节日促销10,
O001886,S003,广州天河店,M00189,张二十三189,2024-03-30 11:04:00,21.01,0.0,21.01,支付宝,,,
O001887,S002,上海南京路店,M00077,林十八77,2024-05-26 15:53:00,539.75,0.0,539.75,现金,,,
O001888,S001,北京王府井店,M00122,郑十一122,2024-03-26 16:57:00,165.52,0.0,165.52,微信支付,,,
O001889,S009,南京新街口店,M00016,张二十三16,2024-03-15 12:58:00,250.97,0.0,250.97,会员余额,,,
O001890,S009,南京新街口店,M00050,黄十六50,2024-03-29 13:24:00,462.11,0.0,462.11,会员余额,,,
O001891,S003,广州天河店,M00064,何十九64,2024-05-08 19:40:00,596.1,0.0,596.1,会员余额,,,
O001892,S005,杭州西湖店,,,2024-05-13 17:20:00,256.13,0.0,256.13,现金,P0014,新店开业优惠14,
O001893,S005,杭州西湖店,M00020,陈二十六20,2024-02-29 17:20:00,184.9,0.0,184.9,支付宝,,,
O001894,S002,上海南京路店,M00175,王五175,2024-01-21 15:35:00,466.44,0.0,466.44,微信支付,P0007,周末特惠7,
O001895,S007,武汉江汉店,M00183,吴十183,2024-05-17 13:49:00,527.37,38.0,489.37,微信支付,P0010,节日促销10,
O001896,S005,杭州西湖店,M00061,王五61,2024-01-21 16:26:00,323.75,0.0,323.75,微信支付,,,
O001897,S001,北京王府井店,M00128,王五128,2024-01-31 16:16:00,262.24,28.85,233.39,微信支付,P0011,夏日清凉11,
O001898,S002,上海南京路店,,,2024-06-25 12:04:00,348.16,38.3,309.86,会员余额,P0011,夏日清凉11,
O001899,S004,深圳南山店,,,2024-03-02 21:18:00,383.97,0.0,383.97,微信支付,P0013,节日促销13,
O001900,S004,深圳南山店,M00095,王十二95,2024-01-12 11:47:00,527.41,0.0,527.41,现金,P0014,新店开业优惠14,
O001901,S003,广州天河店,M00145,吴十145,2024-05-02 21:08:00,445.33,0.0,445.33,支付宝,P0014,新店开业优惠14,
O001902,S008,西安雁塔店,M00176,高二十176,2024-06-21 20:29:00,588.95,0.0,588.95,支付宝,,,
O001903,S002,上海南京路店,M00050,黄十六50,2024-03-28 10:36:00,528.22,0.0,528.22,支付宝,,,
O001904,S009,南京新街口店,M00125,周九125,2024-02-06 10:52:00,432.18,0.0,432.18,现金,P0014,新店开业优惠14,
O001905,S010,重庆解放碑店,,,2024-01-26 15:18:00,174.66,0.0,174.66,现金,,,
O001906,S010,重庆解放碑店,,,2024-06-04 11:59:00,16.92,0.0,16.92,会员余额,,,
O001907,S001,北京王府井店,M00141,马二十一141,2024-05-10 12:01:00,269.34,0.0,269.34,微信支付,,,
O001908,S006,成都春熙店,M00072,王二十四72,2024-03-13 19:27:00,290.9,0.0,290.9,支付宝,,,
O001909,S009,南京新街口店,,,2024-04-20 17:16:00,335.51,0.0,335.51,现金,,,
O001910,S002,上海南京路店,,,2024-01-21 21:50:00,99.15,0.0,99.15,现金,,,
O001911,S002,上海南京路店,M00075,黄十六75,2024-04-26 20:47:00,729.91,0.0,729.91,支付宝,P0013,节日促销13,
O001912,S001,北京王府井店,M00028,张二十三28,2024-02-18 18:42:00,565.46,0.0,565.46,支付宝,P0007,周末特惠7,
O001913,S007,武汉江汉店,M00043,黄十六43,2024-06-21 13:16:00,246.73,0.0,246.73,微信支付,,,
O001914,S003,广州天河店,,,2024-02-20 20:56:00,638.42,0.0,638.42,会员余额,,,
O001915,S004,深圳南山店,,,2024-06-05 13:45:00,375.42,0.0,375.42,会员余额,,,
O001916,S010,重庆解放碑店,M00031,赵六31,2024-03-01 20:22:00,131.95,0.0,131.95,现金,P0013,节日促销13,
O001917,S004,深圳南山店,M00121,王十二121,2024-06-20 17:31:00,300.45,0.0,300.45,微信支付,,,
O001918,S005,杭州西湖店,M00061,王五61,2024-01-29 14:26:00,468.19,0.0,468.19,支付宝,,,
O001919,S001,北京王府井店,,,2024-06-27 16:45:00,282.64,0.0,282.64,微信支付,P0013,节日促销13,
O001920,S008,西安雁塔店,,,2024-03-15 14:32:00,442.21,38.0,404.21,现金,P0010,节日促销10,
O001921,S005,杭州西湖店,M00042,陈二十六42,2024-04-15 16:51:00,95.88,0.0,95.88,会员余额,,,
O001922,S001,北京王府井店,M00121,王十二121,2024-02-26 15:40:00,231.44,0.0,231.44,会员余额,,,
O001923,S005,杭州西湖店,M00057,钱七57,2024-01-29 19:39:00,164.31,38.0,126.31,支付宝,P0010,节日促销10,
O001924,S007,武汉江汉店,M00096,杨十五96,2024-01-24 21:21:00,388.06,38.0,350.06,现金,P0010,节日促销10,
O001925,S003,广州天河店,M00172,陈二十六172,2024-05-17 13:10:00,412.16,0.0,412.16,会员余额,,,
O001926,S010,重庆解放碑店,M00181,王五181,2024-03-04 10:02:00,416.4,0.0,416.4,支付宝,P0014,新店开业优惠14,
O001927,S004,深圳南山店,M00180,张三180,2024-03-18 10:14:00,77.56,38.0,39.56,支付宝,P0010,节日促销10,
O001928,S006,成都春熙店,M00169,郑十一169,2024-06-16 16:08:00,66.33,0.0,66.33,会员余额,P0007,周末特惠7,
O001929,S006,成都春熙店,,,2024-06-29 21:26:00,588.46,0.0,588.46,银行卡,P0014,新店开业优惠14,
O001930,S009,南京新街口店,M00103,王五103,2024-02-19 19:54:00,336.8,0.0,336.8,微信支付,,,
O001931,S001,北京王府井店,M00182,张三182,2024-03-08 20:36:00,16.18,0.0,16.18,会员余额,,,
O001932,S003,广州天河店,M00077,林十八77,2024-03-12 17:18:00,139.14,0.0,139.14,银行卡,,,
O001933,S005,杭州西湖店,M00043,黄十六43,2024-04-10 15:48:00,225.31,0.0,225.31,微信支付,,,
O001934,S002,上海南京路店,M00012,张二十三12,2024-04-24 15:30:00,288.48,0.0,288.48,会员余额,P0014,新店开业优惠14,
O001935,S006,成都春熙店,M00063,李四63,2024-02-13 13:55:00,40.09,0.0,40.09,银行卡,,,
O001936,S003,广州天河店,M00021,李二十二21,2024-06-06 17:33:00,144.76,0.0,144.76,现金,,,
O001937,S004,深圳南山店,M00186,钱七186,2024-04-15 14:47:00,638.88,0.0,638.88,微信支付,,,
O001938,S005,杭州西湖店,M00169,郑十一169,2024-03-09 21:13:00,372.38,38.0,334.38,会员余额,P0010,节日促销10,
O001939,S004,深圳南山店,M00105,孙八105,2024-05-03 18:35:00,9.56,0.0,9.56,会员余额,P0013,节日促销13,
O001940,S003,广州天河店,M00075,黄十六75,2024-01-20 16:08:00,262.49,0.0,262.49,支付宝,,,
O001941,S002,上海南京路店,M00081,高二十81,2024-02-13 20:51:00,310.71,0.0,310.71,银行卡,,,
O001942,S009,南京新街口店,M00102,何十九102,2024-03-16 21:59:00,437.62,0.0,437.62,微信支付,,,
O001943,S007,武汉江汉店,,,2024-03-15 18:43:00,713.96,38.0,675.96,支付宝,P0010,节日促销10,
O001944,S001,北京王府井店,M00116,陈二十六116,2024-03-25 21:46:00,316.17,0.0,316.17,微信支付,P0014,新店开业优惠14,
O001945,S004,深圳南山店,,,2024-03-22 16:11:00,105.12,0.0,105.12,支付宝,,,
O001946,S009,南京新街口店,M00137,吴十137,2024-02-21 21:06:00,88.8,0.0,88.8,会员余额,,,
O001947,S005,杭州西湖店,M00172,陈二十六172,2024-02-10 11:22:00,338.0,0.0,338.0,支付宝,P0014,新店开业优惠14,
O001948,S009,南京新街口店,M00190,孙八190,2024-04-19 19:46:00,390.49,0.0,390.49,支付宝,P0014,新店开业优惠14,
O001949,S003,广州天河店,,,2024-01-20 19:09:00,205.61,0.0,205.61,微信支付,,,
O001950,S001,北京王府井店,M00164,陈二十六164,2024-02-02 18:37:00,701.24,0.0,701.24,银行卡,,,
O001951,S007,武汉江汉店,M00033,李二十二33,2024-02-23 12:00:00,244.44,26.89,217.55,微信支付,P0011,夏日清凉11,
O001952,S010,重庆解放碑店,,,2024-02-12 17:55:00,31.45,0.0,31.45,会员余额,,,
O001953,S007,武汉江汉店,M00119,马二十一119,2024-04-22 16:42:00,29.6,0.0,29.6,支付宝,,,
O001954,S001,北京王府井店,M00013,钱七13,2024-04-06 16:45:00,472.75,0.0,472.75,支付宝,,,
O001955,S009,南京新街口店,,,2024-06-11 14:45:00,345.59,0.0,345.59,微信支付,,,
O001956,S002,上海南京路店,M00100,吴十100,2024-05-22 16:41:00,302.01,0.0,302.01,银行卡,,,
O001957,S003,广州天河店,M00033,李二十二33,2024-02-24 19:35:00,156.36,38.0,118.36,会员余额,P0010,节日促销10,
O001958,S009,南京新街口店,M00169,郑十一169,2024-01-03 13:28:00,441.44,0.0,441.44,微信支付,,,
O001959,S006,成都春熙店,M00002,刘十四2,2024-06-04 14:02:00,304.92,38.0,266.92,会员余额,P0010,节日促销10,
O001960,S010,重庆解放碑店,,,2024-01-15 19:52:00,385.76,38.0,347.76,支付宝,P0010,节日促销10,
O001961,S008,西安雁塔店,M00005,周九5,2024-05-01 21:55:00,26.32,0.0,26.32,现金,,,
O001962,S010,重庆解放碑店,M00151,马二十一151,2024-01-08 19:57:00,88.74,0.0,88.74,微信支付,P0014,新店开业优惠14,
O001963,S002,上海南京路店,M00106,吴十106,2024-01-15 17:40:00,399.85,0.0,399.85,支付宝,,,
O001964,S010,重庆解放碑店,M00163,李四163,2024-06-21 15:57:00,444.15,0.0,444.15,支付宝,P0007,周末特惠7,
O001965,S005,杭州西湖店,,,2024-06-19 20:03:00,343.42,0.0,343.42,银行卡,P0013,节日促销13,
O001966,S002,上海南京路店,,,2024-01-12 14:38:00,311.13,0.0,311.13,微信支付,,,
O001967,S010,重庆解放碑店,M00100,吴十100,2024-03-20 14:35:00,382.64,0.0,382.64,微信支付,,,
O001968,S004,深圳南山店,,,2024-01-24 12:46:00,300.14,0.0,300.14,银行卡,,,
O001969,S003,广州天河店,M00196,张三196,2024-01-21 21:15:00,447.24,0.0,447.24,支付宝,P0014,新店开业优惠14,
O001970,S007,武汉江汉店,,,2024-01-14 16:45:00,373.71,0.0,373.71,支付宝,,,
O001971,S010,重庆解放碑店,M00165,王十二165,2024-02-15 14:16:00,424.06,0.0,424.06,支付宝,,,
O001972,S009,南京新街口店,,,2024-06-10 20:53:00,470.89,0.0,470.89,银行卡,P0014,新店开业优惠14,
O001973,S004,深圳南山店,M00090,吴十90,2024-03-29 20:51:00,419.4,0.0,419.4,微信支付,,,
O001974,S009,南京新街口店,,,2024-05-11 13:16:00,168.9,0.0,168.9,支付宝,,,
O001975,S005,杭州西湖店,M00196,张三196,2024-05-01 12:29:00,250.18,0.0,250.18,会员余额,,,
O001976,S001,北京王府井店,M00062,张三62,2024-04-01 10:10:00,332.66,0.0,332.66,微信支付,,,
O001977,S009,南京新街口店,M00130,李四130,2024-01-06 17:51:00,515.5,0.0,515.5,会员余额,,,
O001978,S010,重庆解放碑店,M00168,林十八168,2024-03-27 17:43:00,125.45,0.0,125.45,支付宝,,,
O001979,S006,成都春熙店,M00198,马二十一198,2024-03-09 19:25:00,313.1,0.0,313.1,微信支付,,,
O001980,S004,深圳南山店,M00122,郑十一122,2024-05-25 12:08:00,66.33,0.0,66.33,微信支付,P0013,节日促销13,
O001981,S010,重庆解放碑店,,,2024-03-29 17:25:00,48.8,0.0,48.8,现金,,,
O001982,S005,杭州西湖店,,,2024-03-19 11:11:00,150.99,0.0,150.99,支付宝,,,
O001983,S007,武汉江汉店,M00141,马二十一141,2024-02-09 20:35:00,340.79,0.0,340.79,会员余额,,,
O001984,S009,南京新街口店,M00005,周九5,2024-04-10 21:13:00,209.57,23.05,186.52,支付宝,P0011,夏日清凉11,
O001985,S002,上海南京路店,M00057,钱七57,2024-03-22 12:25:00,827.22,0.0,827.22,支付宝,P0013,节日促销13,
O001986,S002,上海南京路店,,,2024-06-20 21:37:00,171.45,38.0,133.45,现金,P0010,节日促销10,
O001987,S003,广州天河店,,,2024-03-28 18:52:00,290.9,0.0,290.9,银行卡,,,
O001988,S003,广州天河店,M00171,陈二十六171,2024-02-18 10:13:00,321.62,0.0,321.62,支付宝,,,
O001989,S005,杭州西湖店,M00162,吴十162,2024-04-09 20:52:00,332.11,0.0,332.11,微信支付,,,
O001990,S003,广州天河店,M00036,吴十36,2024-04-29 11:22:00,244.01,0.0,244.01,会员余额,,,
O001991,S004,深圳南山店,M00094,刘二十五94,2024-05-09 16:43:00,540.52,0.0,540.52,会员余额,,,
O001992,S008,西安雁塔店,M00011,郑十一11,2024-04-25 18:23:00,345.57,38.01,307.56,会员余额,P0011,夏日清凉11,
O001993,S002,上海南京路店,M00029,孙八29,2024-01-21 12:00:00,384.84,42.33,342.51,支付宝,P0011,夏日清凉11,
O001994,S009,南京新街口店,,,2024-01-13 17:18:00,278.47,30.63,247.84,现金,P0011,夏日清凉11,
O001995,S007,武汉江汉店,M00191,李二十二191,2024-03-05 16:21:00,204.21,22.46,181.75,微信支付,P0011,夏日清凉11,
O001996,S004,深圳南山店,,,2024-03-16 15:26:00,285.78,0.0,285.78,会员余额,,,
O001997,S004,深圳南山店,,,2024-04-11 13:11:00,420.39,0.0,420.39,银行卡,,,
O001998,S007,武汉江汉店,M00192,张二十三192,2024-06-25 19:15:00,484.86,53.33,431.53,微信支付,P0011,夏日清凉11,
O001999,S007,武汉江汉店,M00096,杨十五96,2024-02-07 19:46:00,331.67,36.48,295.19,现金,P0011,夏日清凉11,
O002000,S004,深圳南山店,,,2024-04-18 16:01:00,426.2,38.0,388.2,会员余额,P0010,节日促销10,
O002001,S004,深圳南山店,M00103,王五103,2024-03-07 14:39:00,180.49,19.85,160.64,会员余额,P0011,夏日清凉11,
O002002,S002,上海南京路店,M00064,何十九64,2024-05-01 13:48:00,686.58,0.0,686.58,银行卡,,,
O002003,S001,北京王府井店,,,2024-02-16 20:18:00,124.84,0.0,124.84,支付宝,,,
O002004,S001,北京王府井店,M00199,陈十三199,2024-03-11 14:29:00,108.3,11.91,96.39,微信支付,P0011,夏日清凉11,
O002005,S009,南京新街口店,M00169,郑十一169,2024-03-24 13:04:00,559.36,0.0,559.36,会员余额,P0007,周末特惠7,
O002006,S003,广州天河店,M00109,周九109,2024-04-09 17:59:00,147.11,0.0,147.11,银行卡,,,
O002007,S010,重庆解放碑店,M00106,吴十106,2024-05-07 13:34:00,285.66,0.0,285.66,微信支付,P0013,节日促销13,
O002008,S004,深圳南山店,M00091,刘十四91,2024-06-10 17:35:00,680.83,0.0,680.83,银行卡,,,
O002009,S006,成都春熙店,M00011,郑十一11,2024-01-08 12:39:00,299.27,0.0,299.27,微信支付,P0007,周末特惠7,
O002010,S005,杭州西湖店,M00094,刘二十五94,2024-04-06 18:08:00,54.77,0.0,54.77,微信支付,P0010,节日促销10,
O002011,S009,南京新街口店,,,2024-02-24 11:36:00,624.98,38.0,586.98,会员余额,P0010,节日促销10,
O002012,S004,深圳南山店,M00183,吴十183,2024-03-12 15:49:00,649.71,0.0,649.71,银行卡,,,
O002013,S008,西安雁塔店,M00192,张二十三192,2024-02-27 16:31:00,340.63,0.0,340.63,会员余额,,,
O002014,S001,北京王府井店,,,2024-03-26 17:41:00,284.54,0.0,284.54,银行卡,P0013,节日促销13,
O002015,S010,重庆解放碑店,M00068,王十二68,2024-02-18 20:01:00,757.08,0.0,757.08,银行卡,,,
O002016,S009,南京新街口店,,,2024-01-06 15:39:00,223.21,0.0,223.21,会员余额,,,
O002017,S002,上海南京路店,M00161,李四161,2024-06-16 16:35:00,179.48,0.0,179.48,微信支付,,,
O002018,S002,上海南京路店,,,2024-04-30 21:58:00,48.76,0.0,48.76,支付宝,,,
O002019,S003,广州天河店,,,2024-05-27 17:29:00,169.9,0.0,169.9,会员余额,P0014,新店开业优惠14,
O002020,S009,南京新街口店,M00189,张二十三189,2024-06-13 11:51:00,105.8,0.0,105.8,微信支付,,,
O002021,S001,北京王府井店,M00056,陈二十六56,2024-01-09 20:43:00,212.7,0.0,212.7,微信支付,,,
O002022,S009,南京新街口店,M00050,黄十六50,2024-06-04 20:34:00,525.66,0.0,525.66,银行卡,,,
O002023,S002,上海南京路店,M00037,王十二37,2024-05-10 20:41:00,56.3,0.0,56.3,会员余额,P0007,周末特惠7,
O002024,S005,杭州西湖店,M00124,黄十六124,2024-01-29 21:10:00,175.05,38.0,137.05,支付宝,P0010,节日促销10,
O002025,S003,广州天河店,M00193,张三193,2024-01-25 15:41:00,558.53,0.0,558.53,银行卡,,,
O002026,S002,上海南京路店,,,2024-03-25 17:44:00,13.71,0.0,13.71,支付宝,,,
O002027,S009,南京新街口店,,,2024-05-13 14:01:00,258.53,0.0,258.53,支付宝,,,
O002028,S006,成都春熙店,M00139,朱十七139,2024-05-25 20:19:00,179.34,0.0,179.34,支付宝,,,
O002029,S006,成都春熙店,M00034,王十二34,2024-02-07 19:18:00,50.23,0.0,50.23,支付宝,,,
O002030,S004,深圳南山店,,,2024-02-07 19:00:00,448.5,0.0,448.5,支付宝,P0013,节日促销13,
O002031,S007,武汉江汉店,M00040,李二十二40,2024-05-30 18:20:00,656.85,0.0,656.85,支付宝,,,
O002032,S008,西安雁塔店,M00018,李二十二18,2024-05-03 16:00:00,146.13,0.0,146.13,支付宝,,,
O002033,S006,成都春熙店,M00002,刘十四2,2024-02-08 14:38:00,538.7,0.0,538.7,会员余额,P0014,新店开业优惠14,
O002034,S010,重庆解放碑店,,,2024-05-14 13:47:00,275.92,0.0,275.92,微信支付,P0014,新店开业优惠14,
O002035,S010,重庆解放碑店,M00124,黄十六124,2024-03-10 18:34:00,38.78,0.0,38.78,会员余额,,,
O002036,S001,北京王府井店,,,2024-05-13 13:15:00,536.09,0.0,536.09,支付宝,P0013,节日促销13,
O002037,S006,成都春熙店,M00100,吴十100,2024-01-11 19:17:00,165.32,0.0,165.32,支付宝,,,
O002038,S003,广州天河店,,,2024-05-13 14:03:00,343.78,0.0,343.78,现金,,,
O002039,S003,广州天河店,M00177,李四177,2024-06-11 11:12:00,427.38,0.0,427.38,会员余额,,,
O002040,S010,重庆解放碑店,,,2024-05-04 14:36:00,146.28,0.0,146.28,银行卡,,,
O002041,S010,重庆解放碑店,M00168,林十八168,2024-06-13 13:37:00,296.66,0.0,296.66,支付宝,P0007,周末特惠7,
O002042,S001,北京王府井店,M00038,马二十一38,2024-06-10 12:21:00,507.57,0.0,507.57,会员余额,,,
O002043,S001,北京王府井店,M00059,李四59,2024-05-08 14:40:00,148.75,0.0,148.75,现金,P0013,节日促销13,
O002044,S006,成都春熙店,,,2024-05-10 17:31:00,266.57,0.0,266.57,现金,,,
O002045,S009,南京新街口店,M00149,王五149,2024-06-12 20:34:00,62.42,0.0,62.42,支付宝,,,
O002046,S007,武汉江汉店,M00086,何十九86,2024-05-08 14:20:00,466.04,0.0,466.04,微信支付,,,
O002047,S001,北京王府井店,,,2024-02-19 16:50:00,473.35,0.0,473.35,银行卡,,,
O002048,S002,上海南京路店,,,2024-03-09 13:59:00,281.11,0.0,281.11,现金,P0007,周末特惠7,
O002049,S007,武汉江汉店,M00162,吴十162,2024-03-31 21:20:00,318.03,0.0,318.03,支付宝,,,
O002050,S007,武汉江汉店,M00060,黄十六60,2024-06-14 12:29:00,524.08,0.0,524.08,微信支付,,,
O002051,S007,武汉江汉店,M00037,王十二37,2024-03-23 16:50:00,484.45,0.0,484.45,微信支付,,,
O002052,S008,西安雁塔店,M00110,刘十四110,2024-03-03 12:20:00,639.28,38.0,601.28,微信支付,P0010,节日促销10,
O002053,S007,武汉江汉店,M00186,钱七186,2024-03-12 19:37:00,433.6,0.0,433.6,支付宝,,,
O002054,S002,上海南京路店,M00160,黄十六160,2024-02-04 21:04:00,175.29,0.0,175.29,微信支付,P0013,节日促销13,
O002055,S009,南京新街口店,,,2024-05-23 11:28:00,551.44,0.0,551.44,支付宝,,,
O002056,S004,深圳南山店,M00123,朱十七123,2024-01-18 21:45:00,155.8,0.0,155.8,支付宝,P0013,节日促销13,
O002057,S009,南京新街口店,M00053,郑十一53,2024-03-23 17:14:00,695.37,0.0,695.37,微信支付,,,
O002058,S006,成都春熙店,M00094,刘二十五94,2024-06-13 16:27:00,88.08,0.0,88.08,会员余额,,,
O002059,S010,重庆解放碑店,M00174,杨十五174,2024-04-05 10:36:00,487.79,0.0,487.79,会员余额,,,
O002060,S010,重庆解放碑店,M00027,郑十一27,2024-01-18 21:04:00,187.26,0.0,187.26,会员余额,P0013,节日促销13,
O002061,S009,南京新街口店,M00069,李二十二69,2024-01-23 19:59:00,230.64,0.0,230.64,支付宝,P0013,节日促销13,
O002062,S008,西安雁塔店,M00072,王二十四72,2024-04-29 17:56:00,430.05,38.0,392.05,会员余额,P0010,节日促销10,
O002063,S010,重庆解放碑店,M00176,高二十176,2024-06-26 21:52:00,490.44,53.95,436.49,微信支付,P0011,夏日清凉11,
O002064,S005,杭州西湖店,M00039,马二十一39,2024-01-03 13:20:00,289.65,0.0,289.65,会员余额,,,
O002065,S005,杭州西湖店,,,2024-04-27 20:42:00,374.34,0.0,374.34,支付宝,P0007,周末特惠7,
O002066,S001,北京王府井店,,,2024-02-07 13:19:00,371.69,0.0,371.69,现金,,,
O002067,S004,深圳南山店,,,2024-03-21 13:42:00,236.5,0.0,236.5,微信支付,,,
O002068,S005,杭州西湖店,M00029,孙八29,2024-02-05 17:07:00,423.01,0.0,423.01,支付宝,,,
O002069,S001,北京王府井店,,,2024-04-22 16:12:00,41.81,0.0,41.81,支付宝,,,
O002070,S008,西安雁塔店,M00124,黄十六124,2024-05-09 19:46:00,114.52,0.0,114.52,支付宝,,,
O002071,S006,成都春熙店,,,2024-03-22 16:12:00,590.53,0.0,590.53,银行卡,,,
O002072,S001,北京王府井店,M00004,周九4,2024-01-05 10:24:00,124.84,0.0,124.84,支付宝,,,
O002073,S004,深圳南山店,M00045,张二十三45,2024-01-17 16:54:00,460.84,0.0,460.84,会员余额,,,
O002074,S007,武汉江汉店,,,2024-06-14 15:02:00,373.6,0.0,373.6,银行卡,,,
O002075,S005,杭州西湖店,M00070,张三70,2024-01-10 10:38:00,553.08,0.0,553.08,支付宝,P0007,周末特惠7,
O002076,S010,重庆解放碑店,M00156,朱十七156,2024-02-14 18:09:00,79.27,38.0,41.27,支付宝,P0010,节日促销10,
O002077,S009,南京新街口店,M00064,何十九64,2024-01-08 17:13:00,405.19,0.0,405.19,微信支付,P0007,周末特惠7,
O002078,S007,武汉江汉店,M00011,郑十一11,2024-03-25 10:56:00,86.73,38.0,48.73,支付宝,P0010,节日促销10,
O002079,S008,西安雁塔店,,,2024-06-02 21:33:00,167.82,0.0,167.82,微信支付,,,
O002080,S003,广州天河店,M00151,马二十一151,2024-01-29 17:29:00,461.16,38.0,423.16,支付宝,P0010,节日促销10,
O002081,S010,重庆解放碑店,M00001,王五1,2024-04-30 14:08:00,284.28,0.0,284.28,微信支付,,,
O002082,S010,重庆解放碑店,,,2024-02-02 13:32:00,104.26,0.0,104.26,微信支付,P0013,节日促销13,
O002083,S002,上海南京路店,M00077,林十八77,2024-04-13 14:56:00,205.89,0.0,205.89,现金,,,
O002084,S003,广州天河店,M00050,黄十六50,2024-03-25 21:29:00,328.57,0.0,328.57,支付宝,,,
O002085,S008,西安雁塔店,M00176,高二十176,2024-05-28 21:59:00,282.5,0.0,282.5,微信支付,P0007,周末特惠7,
O002086,S005,杭州西湖店,M00130,李四130,2024-06-11 10:53:00,381.76,0.0,381.76,支付宝,,,
O002087,S003,广州天河店,M00133,李四133,2024-02-18 20:55:00,371.21,0.0,371.21,支付宝,,,
O002088,S001,北京王府井店,M00050,黄十六50,2024-01-31 21:17:00,151.55,0.0,151.55,现金,,,
O002089,S005,杭州西湖店,M00043,黄十六43,2024-05-04 18:29:00,317.4,38.0,279.4,支付宝,P0010,节日促销10,
O002090,S001,北京王府井店,,,2024-06-13 10:34:00,404.28,0.0,404.28,现金,,,
O002091,S003,广州天河店,M00116,陈二十六116,2024-02-02 15:19:00,48.54,0.0,48.54,支付宝,,,
O002092,S007,武汉江汉店,M00066,陈十三66,2024-05-10 13:09:00,68.07,0.0,68.07,会员余额,,,
O002093,S002,上海南京路店,M00134,陈二十六134,2024-06-02 12:36:00,614.32,0.0,614.32,支付宝,,,
O002094,S001,北京王府井店,,,2024-02-10 11:43:00,482.04,0.0,482.04,银行卡,P0014,新店开业优惠14,
O002095,S002,上海南京路店,M00035,郑十一35,2024-02-21 14:03:00,324.39,35.68,288.71,支付宝,P0011,夏日清凉11,
O002096,S003,广州天河店,M00102,何十九102,2024-03-23 12:46:00,397.47,0.0,397.47,微信支付,,,
O002097,S005,杭州西湖店,,,2024-06-05 19:04:00,114.83,0.0,114.83,支付宝,,,
O002098,S002,上海南京路店,M00085,朱十七85,2024-04-10 12:41:00,61.72,0.0,61.72,支付宝,,,
O002099,S003,广州天河店,M00158,马二十一158,2024-02-05 16:07:00,483.31,0.0,483.31,微信支付,,,
O002100,S001,北京王府井店,M00088,刘二十五88,2024-06-12 11:33:00,602.98,0.0,602.98,微信支付,,,
O002101,S003,广州天河店,M00068,王十二68,2024-05-18 21:39:00,320.08,0.0,320.08,银行卡,,,
O002102,S003,广州天河店,M00039,马二十一39,2024-04-19 19:10:00,263.56,28.99,234.57,会员余额,P0011,夏日清凉11,
O002103,S002,上海南京路店,M00002,刘十四2,2024-06-03 19:55:00,623.18,0.0,623.18,支付宝,P0013,节日促销13,
O002104,S007,武汉江汉店,M00157,杨十五157,2024-03-11 14:40:00,205.75,0.0,205.75,会员余额,,,
O002105,S001,北京王府井店,M00128,王五128,2024-05-04 13:37:00,549.56,0.0,549.56,支付宝,,,
O002106,S006,成都春熙店,M00102,何十九102,2024-06-04 18:55:00,458.49,0.0,458.49,微信支付,,,
O002107,S006,成都春熙店,M00186,钱七186,2024-03-02 15:37:00,319.47,0.0,319.47,会员余额,P0007,周末特惠7,
O002108,S007,武汉江汉店,M00135,周九135,2024-04-22 17:36:00,380.86,0.0,380.86,微信支付,,,
O002109,S001,北京王府井店,M00084,孙八84,2024-05-25 12:01:00,233.14,0.0,233.14,支付宝,,,
O002110,S010,重庆解放碑店,M00166,林十八166,2024-04-01 20:22:00,240.58,26.46,214.12,会员余额,P0011,夏日清凉11,
O002111,S009,南京新街口店,M00038,马二十一38,2024-06-11 14:49:00,508.33,0.0,508.33,支付宝,,,
O002112,S007,武汉江汉店,M00123,朱十七123,2024-05-07 11:21:00,202.64,0.0,202.64,微信支付,,,
O002113,S005,杭州西湖店,M00029,孙八29,2024-01-24 20:25:00,131.47,0.0,131.47,会员余额,,,
O002114,S001,北京王府井店,M00037,王十二37,2024-05-04 15:21:00,109.54,0.0,109.54,微信支付,P0014,新店开业优惠14,
O002115,S007,武汉江汉店,M00001,王五1,2024-02-18 19:19:00,493.15,54.25,438.9,会员余额,P0011,夏日清凉11,
O002116,S002,上海南京路店,,,2024-06-27 11:12:00,525.06,38.0,487.06,现金,P0010,节日促销10,
O002117,S009,南京新街口店,M00200,陈二十六200,2024-04-11 12:58:00,351.96,0.0,351.96,银行卡,P0007,周末特惠7,
O002118,S010,重庆解放碑店,,,2024-01-11 13:35:00,95.88,0.0,95.88,支付宝,P0007,周末特惠7,
O002119,S003,广州天河店,M00008,孙八8,2024-06-26 13:15:00,126.91,0.0,126.91,微信支付,,,
O002120,S010,重庆解放碑店,M00063,李四63,2024-01-06 19:30:00,390.65,0.0,390.65,会员余额,,,
O002121,S008,西安雁塔店,M00032,郑十一32,2024-04-12 20:36:00,551.64,0.0,551.64,微信支付,P0014,新店开业优惠14,
O002122,S009,南京新街口店,,,2024-03-22 18:22:00,369.13,0.0,369.13,会员余额,P0014,新店开业优惠14,
O002123,S001,北京王府井店,M00151,马二十一151,2024-02-02 11:58:00,271.68,0.0,271.68,会员余额,,,
O002124,S010,重庆解放碑店,M00027,郑十一27,2024-03-30 21:44:00,163.56,0.0,163.56,微信支付,,,
O002125,S004,深圳南山店,M00169,郑十一169,2024-04-27 19:28:00,255.33,0.0,255.33,会员余额,,,
O002126,S002,上海南京路店,M00045,张二十三45,2024-06-15 10:57:00,167.61,38.0,129.61,微信支付,P0010,节日促销10,
O002127,S007,武汉江汉店,M00163,李四163,2024-03-11 19:16:00,452.0,0.0,452.0,会员余额,P0007,周末特惠7,
O002128,S003,广州天河店,M00067,赵六67,2024-04-25 14:34:00,390.06,0.0,390.06,银行卡,,,
O002129,S006,成都春熙店,M00023,朱十七23,2024-02-06 18:43:00,377.36,0.0,377.36,会员余额,P0007,周末特惠7,
O002130,S002,上海南京路店,M00153,高二十153,2024-01-17 18:26:00,282.94,0.0,282.94,微信支付,P0014,新店开业优惠14,
O002131,S009,南京新街口店,,,2024-06-15 17:46:00,478.35,0.0,478.35,银行卡,,,
O002132,S003,广州天河店,,,2024-04-07 21:30:00,63.76,0.0,63.76,现金,,,
O002133,S005,杭州西湖店,M00070,张三70,2024-02-15 21:27:00,260.48,0.0,260.48,微信支付,,,
O002134,S004,深圳南山店,,,2024-03-30 20:40:00,110.88,0.0,110.88,现金,,,
O002135,S007,武汉江汉店,M00081,高二十81,2024-01-06 19:03:00,146.58,0.0,146.58,会员余额,,,
O002136,S004,深圳南山店,M00025,张三25,2024-01-04 10:20:00,311.67,0.0,311.67,支付宝,,,
O002137,S001,北京王府井店,M00184,郑十一184,2024-02-16 18:13:00,437.63,0.0,437.63,支付宝,,,
O002138,S003,广州天河店,M00181,王五181,2024-05-09 12:52:00,153.45,0.0,153.45,支付宝,,,
O002139,S001,北京王府井店,M00180,张三180,2024-03-15 11:22:00,106.92,0.0,106.92,会员余额,,,
O002140,S002,上海南京路店,M00165,王十二165,2024-02-09 19:58:00,655.09,0.0,655.09,支付宝,,,
O002141,S006,成都春熙店,,,2024-03-04 15:09:00,149.85,0.0,149.85,现金,P0013,节日促销13,
O002142,S001,北京王府井店,M00071,李二十二71,2024-01-16 17:51:00,674.58,0.0,674.58,现金,P0007,周末特惠7,
O002143,S009,南京新街口店,M00074,朱十七74,2024-05-14 19:36:00,410.09,0.0,410.09,银行卡,,,
O002144,S001,北京王府井店,M00059,李四59,2024-02-20 14:40:00,80.18,0.0,80.18,微信支付,,,
O002145,S007,武汉江汉店,M00094,刘二十五94,2024-05-05 11:20:00,194.43,38.0,156.43,会员余额,P0010,节日促销10,
O002146,S001,北京王府井店,M00096,杨十五96,2024-01-11 13:05:00,431.26,0.0,431.26,微信支付,,,
O002147,S001,北京王府井店,M00030,张二十三30,2024-05-16 10:03:00,166.94,0.0,166.94,银行卡,,,
O002148,S009,南京新街口店,,,2024-05-10 18:54:00,354.12,0.0,354.12,现金,,,
O002149,S002,上海南京路店,M00143,张三143,2024-01-19 21:13:00,249.72,0.0,249.72,微信支付,,,
O002150,S004,深圳南山店,,,2024-03-15 10:57:00,157.86,0.0,157.86,现金,P0014,新店开业优惠14,
O002151,S010,重庆解放碑店,,,2024-04-12 10:09:00,661.61,0.0,661.61,现金,,,
O002152,S008,西安雁塔店,M00055,李二十二55,2024-02-22 20:47:00,83.62,0.0,83.62,支付宝,,,
O002153,S007,武汉江汉店,M00067,赵六67,2024-03-12 13:52:00,41.13,0.0,41.13,银行卡,,,
O002154,S002,上海南京路店,M00190,孙八190,2024-01-11 21:49:00,125.76,38.0,87.76,微信支付,P0010,节日促销10,
O002155,S010,重庆解放碑店,M00099,刘二十五99,2024-01-30 12:57:00,657.34,0.0,657.34,支付宝,,,
O002156,S007,武汉江汉店,M00049,刘二十五49,2024-05-17 14:18:00,173.64,0.0,173.64,支付宝,,,
O002157,S009,南京新街口店,M00161,李四161,2024-01-23 18:54:00,77.56,0.0,77.56,微信支付,,,
O002158,S006,成都春熙店,M00037,王十二37,2024-01-29 13:02:00,527.39,0.0,527.39,支付宝,,,
O002159,S004,深圳南山店,,,2024-04-23 19:49:00,280.47,0.0,280.47,现金,P0013,节日促销13,
O002160,S001,北京王府井店,M00198,马二十一198,2024-01-12 19:00:00,178.6,0.0,178.6,会员余额,,,
O002161,S005,杭州西湖店,,,2024-01-15 16:24:00,48.76,0.0,48.76,支付宝,,,
O002162,S005,杭州西湖店,M00095,王十二95,2024-06-09 13:21:00,553.82,0.0,553.82,现金,,,
O002163,S009,南京新街口店,M00020,陈二十六20,2024-05-22 12:09:00,70.14,0.0,70.14,支付宝,,,
O002164,S007,武汉江汉店,M00082,高二十82,2024-05-12 18:01:00,202.84,0.0,202.84,会员余额,,,
O002165,S009,南京新街口店,,,2024-02-29 10:24:00,305.24,0.0,305.24,微信支付,,,
O002166,S001,北京王府井店,,,2024-05-24 18:04:00,449.54,0.0,449.54,会员余额,P0007,周末特惠7,
O002167,S010,重庆解放碑店,M00118,黄十六118,2024-04-09 17:58:00,518.84,57.07,461.77,支付宝,P0011,夏日清凉11,
O002168,S010,重庆解放碑店,,,2024-05-17 15:14:00,263.62,29.0,234.62,支付宝,P0011,夏日清凉11,
O002169,S005,杭州西湖店,M00013,钱七13,2024-04-04 21:01:00,60.48,0.0,60.48,银行卡,,,
O002170,S010,重庆解放碑店,,,2024-05-18 13:25:00,199.9,0.0,199.9,银行卡,P0013,节日促销13,
O002171,S010,重庆解放碑店,M00140,何十九140,2024-04-27 21:28:00,157.61,0.0,157.61,微信支付,,,
O002172,S010,重庆解放碑店,,,2024-05-15 13:15:00,182.46,0.0,182.46,会员余额,,,
O002173,S008,西安雁塔店,M00174,杨十五174,2024-04-03 17:35:00,337.58,0.0,337.58,微信支付,P0014,新店开业优惠14,
O002174,S004,深圳南山店,M00127,刘十四127,2024-04-30 11:34:00,333.1,0.0,333.1,会员余额,,,
O002175,S005,杭州西湖店,M00021,李二十二21,2024-02-10 20:24:00,283.07,0.0,283.07,会员余额,,,
O002176,S008,西安雁塔店,M00183,吴十183,2024-06-19 12:17:00,162.94,0.0,162.94,会员余额,P0013,节日促销13,
O002177,S002,上海南京路店,M00195,李四195,2024-02-20 12:26:00,837.92,0.0,837.92,会员余额,,,
O002178,S006,成都春熙店,,,2024-01-25 11:05:00,63.76,0.0,63.76,微信支付,P0010,节日促销10,
O002179,S002,上海南京路店,M00160,黄十六160,2024-03-21 15:12:00,144.14,0.0,144.14,会员余额,P0013,节日促销13,
O002180,S006,成都春熙店,M00199,陈十三199,2024-04-24 17:21:00,116.34,0.0,116.34,支付宝,,,
O002181,S010,重庆解放碑店,,,2024-02-08 12:26:00,386.54,38.0,348.54,银行卡,P0010,节日促销10,
O002182,S006,成都春熙店,M00013,钱七13,2024-06-28 14:44:00,88.8,0.0,88.8,支付宝,,,
O002183,S007,武汉江汉店,,,2024-04-23 11:48:00,257.9,0.0,257.9,会员余额,P0007,周末特惠7,
O002184,S008,西安雁塔店,M00037,王十二37,2024-06-25 15:59:00,436.4,0.0,436.4,支付宝,,,
O002185,S004,深圳南山店,,,2024-01-22 15:04:00,359.85,0.0,359.85,现金,P0014,新店开业优惠14,
O002186,S008,西安雁塔店,M00163,李四163,2024-03-15 21:50:00,453.36,0.0,453.36,支付宝,,,
O002187,S008,西安雁塔店,,,2024-03-05 13:32:00,42.02,0.0,42.02,现金,,,
O002188,S008,西安雁塔店,,,2024-02-12 10:41:00,323.86,0.0,323.86,银行卡,,,
O002189,S009,南京新街口店,M00112,王二十四112,2024-06-17 11:21:00,327.48,0.0,327.48,微信支付,,,
O002190,S003,广州天河店,,,2024-04-30 16:24:00,655.41,72.1,583.31,现金,P0011,夏日清凉11,
O002191,S010,重庆解放碑店,,,2024-02-03 15:46:00,89.6,0.0,89.6,微信支付,,,
O002192,S005,杭州西湖店,M00198,马二十一198,2024-06-19 15:55:00,70.23,0.0,70.23,微信支付,,,
O002193,S003,广州天河店,M00053,郑十一53,2024-04-05 11:09:00,23.38,0.0,23.38,会员余额,,,
O002194,S002,上海南京路店,M00123,朱十七123,2024-01-04 21:51:00,78.11,38.0,40.11,会员余额,P0010,节日促销10,
O002195,S009,南京新街口店,M00002,刘十四2,2024-06-09 17:40:00,198.99,0.0,198.99,微信支付,P0014,新店开业优惠14,
O002196,S002,上海南京路店,M00104,郑十一104,2024-06-29 12:12:00,105.72,0.0,105.72,微信支付,P0014,新店开业优惠14,
O002197,S004,深圳南山店,M00136,朱十七136,2024-01-01 16:50:00,833.41,0.0,833.41,微信支付,,,
O002198,S002,上海南京路店,,,2024-05-06 19:45:00,477.93,0.0,477.93,微信支付,,,
O002199,S007,武汉江汉店,,,2024-02-15 13:16:00,116.39,0.0,116.39,微信支付,,,
